PrimaryPropertyType,CouncilDistrictCode,NumberofFloors,PropertyGFATotal,ENERGYSTARScore,SiteEnergyUse(kBtu),TotalGHGEmissions,Agebuilding,NaturalGas_use,Electricity_use,Steam_use
Hotel,CD-7,12,88434,60.0,7226362.5,249.98,89,1,1,1
Hotel,CD-7,11,103566,61.0,8387933.0,295.86,20,1,1,0
Hotel,CD-7,41,956110,43.0,72587024.0,2089.28,47,1,1,1
Hotel,CD-7,10,61320,56.0,6794584.0,286.43,90,1,1,1
Hotel,CD-7,18,175580,75.0,14172606.0,505.01,36,1,1,0
Other,CD-7,2,97288,,12086616.0,301.81,17,1,1,0
Hotel,CD-7,11,83008,27.0,5758795.0,176.14,90,1,1,0
Other,CD-7,8,102761,,6298131.5,221.51,90,1,1,1
Hotel,CD-7,15,163984,43.0,13723820.0,392.16,112,1,1,0
Hotel,CD-7,11,153163,30.0,16016644.0,691.26,47,1,1,1
Hotel,CD-7,25,333176,36.0,26941110.0,740.97,18,1,1,1
Hotel,CD-7,9,65009,48.0,6596057.5,328.23,88,1,1,1
Hotel,CD-7,33,315952,58.0,22325364.0,648.62,36,1,1,1
Hotel,CD-7,11,92190,35.0,10750010.0,511.39,94,1,1,1
Other,CD-7,11,412000,,18588860.0,181.38,12,0,1,1
Other,CD-7,6,103911,,9956396.0,433.86,86,1,1,1
Hotel,CD-7,28,416281,31.0,33556756.0,802.89,33,1,1,0
Mixed Use Property,CD-7,5,57452,,7606084.5,273.02,109,1,1,1
Hotel,CD-7,10,104352,39.0,10154608.0,349.32,100,1,1,1
Other,CD-7,10,540360,76.0,44984468.0,1265.29,100,1,1,0
Other,CD-3,19,385274,,47859812.0,1699.45,31,1,1,0
Hotel,CD-4,6,88592,84.0,3663534.5,90.01,15,1,1,0
University,CD-7,7,126593,,11343686.0,388.04,88,1,1,0
Other,CD-7,2,67224,,1310236.625,9.13,86,0,1,0
Hotel,CD-7,8,158676,,5328051.5,256.57,25,1,1,0
Hotel,CD-7,10,171866,57.0,11061916.0,328.63,15,1,1,0
Hotel,CD-7,5,68410,57.0,4456714.5,128.44,38,1,1,0
Small- and Mid-Sized Office,CD-4,3,87262,,4145920.5,157.77,110,1,1,0
Hotel,CD-4,4,81871,29.0,6668568.5,215.0,22,1,1,0
Self-Storage Facility,CD-4,2,110356,,318364.8125,3.93,61,1,1,0
Warehouse,CD-2,2,714095,,44731160.0,311.84,55,0,1,0
Small- and Mid-Sized Office,CD-6,2,94900,57.0,6186461.5,130.56,55,1,1,0
Small- and Mid-Sized Office,CD-2,2,52554,83.0,2951331.25,83.86,116,1,1,0
K-12 School,CD-6,3,175015,95.0,6994740.5,247.85,62,1,1,0
Self-Storage Facility,CD-7,3,70586,,2158629.0,45.43,105,1,1,0
Hotel,CD-7,24,332210,67.0,16163194.0,295.33,47,1,1,0
Large Office,CD-7,5,168115,78.0,9536161.0,66.48,43,0,1,0
Other,CD-7,2,57428,,1247362.0,33.26,96,1,1,0
Small- and Mid-Sized Office,CD-7,8,59400,14.0,5071974.0,35.36,106,0,1,0
Mixed Use Property,CD-7,2,52549,,15026196.0,584.31,90,1,1,0
Hotel,CD-7,20,98634,71.0,4841347.5,59.19,86,1,1,0
Hotel,CD-7,34,994212,63.0,80469216.0,2451.58,34,1,1,1
Hotel,CD-7,7,71150,98.0,5348309.0,134.38,31,1,1,0
Hotel,CD-7,7,122810,99.0,5401277.5,227.18,108,1,1,0
Hotel,CD-7,5,113173,86.0,5284343.5,144.79,57,1,1,0
Hotel,CD-7,7,150453,84.0,6715187.0,199.95,16,1,1,0
Hotel,CD-7,6,116300,80.0,5827595.5,162.39,19,1,1,0
Hotel,CD-7,6,155602,81.0,6836900.0,152.76,18,1,1,0
K-12 School,CD-3,3,56072,76.0,3234787.75,146.34,105,1,1,0
Hotel,CD-7,4,122942,94.0,5337334.0,171.64,17,1,1,0
Small- and Mid-Sized Office,CD-3,2,54984,71.0,3375211.0,87.98,54,1,1,0
Senior Care Community,CD-1,5,217603,54.0,42792072.0,1727.11,94,1,1,0
Senior Care Community,CD-5,2,93397,1.0,16402563.0,609.1,46,1,1,0
Hotel,CD-7,6,84103,74.0,3706100.25,67.06,8,1,1,0
Medical Office,CD-3,3,179014,48.0,16701055.0,430.84,51,1,1,0
Hotel,CD-3,7,76631,71.0,7258758.5,262.75,108,1,1,0
Mixed Use Property,CD-3,6,99780,,15473117.0,481.97,33,0,1,1
Retail Store,CD-7,2,58320,96.0,1049748.625,39.06,87,1,1,0
Large Office,CD-7,5,316306,96.0,13795954.0,138.85,6,1,1,0
Hotel,CD-3,7,282863,37.0,19459304.0,526.85,26,1,1,0
Other,CD-7,1,389000,,23658978.0,607.41,54,1,1,1
Other,CD-7,1,91213,,8141155.5,344.2,54,0,1,1
Other,CD-7,5,396085,,20955026.0,804.2,78,0,1,1
Large Office,CD-7,12,571329,91.0,39605888.0,617.52,6,1,1,0
Other,CD-7,2,52000,,2726369.0,101.83,54,0,1,1
Other,CD-7,1,60696,,875943.3125,6.11,88,0,1,0
Other,CD-7,2,262048,,20723248.0,490.73,88,0,1,1
Small- and Mid-Sized Office,CD-7,2,66240,,4166306.25,29.04,30,0,1,0
Large Office,CD-7,6,920598,93.0,36667044.0,674.09,6,1,1,0
Small- and Mid-Sized Office,CD-7,4,76213,68.0,3476212.5,48.76,46,1,1,0
Hotel,CD-7,6,96910,56.0,5155568.5,152.14,14,1,1,0
Hotel,CD-4,4,50017,53.0,5448975.0,191.2,54,1,1,0
K-12 School,CD-3,3,67743,34.0,2646879.0,78.85,93,1,1,0
K-12 School,CD-3,6,194104,100.0,6219841.5,243.23,108,1,1,0
Small- and Mid-Sized Office,CD-3,3,99433,63.0,4897760.0,34.14,13,0,1,0
Other,CD-4,4,56521,,6357632.0,44.32,75,0,1,0
Other,CD-4,2,206934,,4253577.5,133.58,87,1,1,0
Hotel,CD-5,4,51390,89.0,3611538.0,127.29,15,1,1,0
Hotel,CD-5,3,69138,78.0,3242458.0,89.02,14,1,1,0
Hotel,CD-7,5,190980,98.0,6505995.0,142.39,112,1,1,0
Other,CD-7,6,284100,,14641502.0,429.12,18,1,1,1
Hospital,CD-6,5,285333,14.0,68090728.0,1990.5,62,1,1,0
Other,CD-2,4,61156,,9363374.0,176.75,10,1,1,0
Other,CD-2,4,72820,,2010454.625,46.26,106,1,1,0
Hotel,CD-7,4,162222,76.0,7946961.0,228.4,20,1,1,0
University,CD-3,3,63330,,3059758.0,74.33,101,1,1,0
Small- and Mid-Sized Office,CD-4,2,96300,,16319835.0,222.02,14,1,1,0
Other,CD-2,1,67356,,7475577.5,204.08,66,1,1,0
Small- and Mid-Sized Office,CD-2,1,54765,,4253369.5,61.21,58,1,1,0
Other,CD-2,5,89821,,1950092.5,100.46,7,1,1,0
University,CD-7,2,52611,,4116871.5,104.26,36,1,1,0
Residence Hall,CD-7,4,139600,89.0,4448582.5,129.39,15,1,1,0
Other,CD-3,6,250981,,13071700.0,422.39,45,1,1,1
Other,CD-7,11,299070,,65336980.0,2055.82,12,1,1,0
Small- and Mid-Sized Office,CD-2,3,64015,21.0,3242077.75,49.58,9,1,1,0
Retail Store,CD-5,1,530039,98.0,27717034.0,723.47,65,1,1,0
Other,CD-5,3,54224,,7265178.0,231.53,52,1,1,0
Retail Store,CD-5,4,124342,76.0,8765978.0,66.3,51,1,1,0
Hospital,CD-4,10,879000,10.0,253832464.0,8145.52,63,1,1,0
Other,CD-5,3,55442,72.0,3191228.25,83.7,20,1,1,0
Self-Storage Facility,CD-3,5,84870,,1381590.125,51.11,106,1,1,0
Warehouse,CD-2,4,114297,61.0,2100097.75,69.44,112,1,1,0
Warehouse,CD-2,1,234144,87.0,6744317.0,297.43,79,1,1,0
Retail Store,CD-1,1,64984,72.0,2944296.25,35.78,50,1,1,0
Retail Store,CD-1,1,67745,37.0,9230223.0,369.14,51,1,1,0
Other,CD-6,3,56000,,1851260.5,59.34,43,1,1,0
Self-Storage Facility,CD-1,2,52088,,1377519.5,48.99,47,1,1,0
Hotel,CD-3,5,123920,79.0,9373179.0,309.6,18,1,1,0
Other,CD-3,1,50000,,7548807.0,225.69,116,1,1,0
Warehouse,CD-7,2,50292,,430473.6875,3.0,90,0,1,0
Hotel,CD-7,7,207656,76.0,11171988.0,338.16,18,1,1,0
Small- and Mid-Sized Office,CD-5,2,91130,,9472358.0,175.77,59,1,1,0
Hotel,CD-5,4,64893,70.0,6197825.0,208.26,48,1,1,0
Small- and Mid-Sized Office,CD-7,3,44558,78.0,1677002.25,28.27,116,1,1,0
Other,CD-2,6,1585960,,59757440.0,892.63,17,1,1,0
Distribution Center,CD-2,2,179161,,9436408.0,96.43,92,1,1,0
Warehouse,CD-2,2,58640,,3928695.25,27.39,51,0,1,0
Other,CD-2,3,1172127,,58761304.0,1246.55,17,1,1,0
Hotel,CD-2,9,168449,64.0,12726789.0,388.37,11,1,1,0
Warehouse,CD-1,4,79600,34.0,2411402.25,16.81,100,0,1,0
Other,CD-5,6,419848,,9134963.0,162.41,8,1,1,0
Mixed Use Property,CD-7,4,110785,,10557910.0,92.91,14,1,1,0
Hotel,CD-7,0,934292,,65047284.0,1638.46,17,1,1,0
Hospital,CD-3,5,597519,34.0,143423024.0,4906.33,26,1,1,0
Warehouse,CD-4,3,75397,91.0,549181.375,9.63,25,1,1,0
Hospital,CD-3,8,1158691,29.0,293090784.0,10734.57,16,1,1,1
Senior Care Community,CD-2,5,102796,,10105379.0,193.94,17,1,1,0
K-12 School,CD-4,2,55653,98.0,1377627.0,72.88,88,1,1,0
Hotel,CD-4,16,106860,49.0,11935719.0,469.57,85,1,1,0
Small- and Mid-Sized Office,CD-5,5,50759,62.0,3147042.0,49.09,44,1,1,0
Worship Facility,CD-4,2,56772,46.0,2439484.75,84.57,64,1,1,0
Worship Facility,CD-4,3,103000,42.0,4854429.5,149.93,64,1,1,0
Other,CD-7,7,128766,,6057410.0,57.21,102,1,1,0
Residence Hall,CD-7,9,107572,76.0,5572503.0,254.87,103,0,1,1
Other,CD-7,15,230880,,62197176.0,433.6,61,0,1,0
Other,CD-7,1,76086,,3267564.0,101.41,43,1,1,0
Medical Office,CD-7,5,190000,1.0,28731502.0,661.04,89,1,1,0
Hotel,CD-7,4,122309,8.0,25453690.0,1060.13,55,1,1,0
Hotel,CD-7,8,254273,29.0,26659244.0,780.84,13,1,1,0
Other,CD-7,2,69400,,14833476.0,301.76,36,1,1,0
Mixed Use Property,CD-7,1,62900,,10394330.0,377.27,116,1,1,0
Small- and Mid-Sized Office,CD-7,4,56500,98.0,1380293.625,44.22,102,0,1,1
Warehouse,CD-2,4,203504,72.0,3785282.5,26.39,8,0,1,0
Large Office,CD-7,3,100734,20.0,9788717.0,68.24,48,0,1,0
Small- and Mid-Sized Office,CD-7,4,77662,57.0,5007401.0,68.19,35,1,1,0
Large Office,CD-7,12,234000,39.0,18661606.0,149.27,38,1,1,0
Large Office,CD-7,25,369996,74.0,24755086.0,172.58,27,0,1,0
Retail Store,CD-7,10,693450,93.0,40062888.0,398.19,91,1,1,1
Large Office,CD-7,33,791396,89.0,40847752.0,313.3,40,1,1,0
Large Office,CD-7,23,747747,90.0,30985420.0,359.11,16,1,1,0
Small- and Mid-Sized Office,CD-7,10,63409,90.0,3444270.0,170.51,90,0,1,1
Large Office,CD-7,17,204790,91.0,7739699.0,100.26,86,1,1,0
Small- and Mid-Sized Office,CD-7,5,73399,61.0,3757006.0,26.19,100,0,1,0
Large Office,CD-7,20,265851,90.0,14633233.0,563.25,47,0,1,1
Large Office,CD-7,25,758043,95.0,27018020.0,229.25,7,1,1,0
Large Office,CD-7,12,206000,91.0,8580279.0,222.19,48,0,1,1
Large Office,CD-7,36,824887,97.0,39523852.0,275.54,7,0,1,0
Large Office,CD-7,16,480840,94.0,17867002.0,130.73,26,1,1,0
Small- and Mid-Sized Office,CD-7,7,89550,85.0,3903259.75,51.67,116,0,1,1
Small- and Mid-Sized Office,CD-7,6,89355,66.0,4178233.5,31.97,116,1,1,0
Large Office,CD-7,15,388934,89.0,18576900.0,213.23,94,0,1,1
Large Office,CD-7,22,384302,98.0,10062436.0,70.15,87,0,1,0
Large Office,CD-7,17,378525,69.0,24906132.0,940.47,58,0,1,1
Large Office,CD-7,47,1323055,94.0,44683660.0,318.97,33,1,1,0
Large Office,CD-7,41,589921,84.0,24603420.0,171.52,30,0,1,0
Small- and Mid-Sized Office,CD-7,6,91091,,1835804.875,46.56,66,0,1,1
Large Office,CD-7,8,157941,81.0,3743228.5,26.1,48,0,1,0
Large Office,CD-7,29,635303,95.0,18221224.0,139.72,25,0,1,1
Large Office,CD-7,34,776762,81.0,32552428.0,231.32,36,1,1,0
Large Office,CD-7,14,186768,95.0,9641043.0,218.53,44,0,1,1
Large Office,CD-7,49,1123435,89.0,45163308.0,627.87,47,1,1,0
Large Office,CD-7,37,1052469,93.0,41213584.0,287.32,14,0,1,0
Large Office,CD-7,42,617684,28.0,69519808.0,546.65,43,0,1,1
Large Office,CD-7,8,201480,91.0,8921778.0,175.95,109,0,1,1
Large Office,CD-3,63,1354987,89.0,61576184.0,429.27,26,0,1,0
Large Office,CD-3,14,310490,,21169502.0,380.37,15,1,1,0
Large Office,CD-7,8,199530,69.0,13214416.0,298.61,13,1,1,0
Large Office,CD-7,13,372242,98.0,13843866.0,216.24,10,1,1,0
Large Office,CD-7,7,114395,99.0,2746560.75,70.17,107,1,1,0
Retail Store,CD-4,2,89200,83.0,6461937.0,89.47,38,1,1,0
Large Office,CD-4,23,474546,77.0,28450436.0,198.34,45,0,1,0
Other,CD-4,5,36000,96.0,30038490.0,209.41,47,0,1,0
Small- and Mid-Sized Office,CD-4,5,99005,70.0,4728488.5,119.03,55,1,1,0
Large Office,CD-4,6,135051,88.0,4426136.0,30.86,14,0,1,0
Large Office,CD-4,5,220649,93.0,7046345.5,49.12,14,0,1,0
Self-Storage Facility,CD-7,5,93660,,873221.875,6.09,52,0,1,0
Large Office,CD-7,18,413715,79.0,24224888.0,168.88,36,0,1,0
Mixed Use Property,CD-7,11,381381,94.0,9765777.0,72.42,16,1,1,0
Large Office,CD-7,20,497513,65.0,26823218.0,197.19,28,1,1,0
Large Office,CD-7,24,543876,79.0,25307744.0,176.43,37,0,1,0
Mixed Use Property,CD-7,4,109347,,8218155.5,91.13,36,1,1,0
Large Office,CD-7,6,396626,64.0,20361158.0,141.95,34,0,1,0
Large Office,CD-7,6,287471,74.0,14913424.0,103.97,14,0,1,0
Large Office,CD-7,3,192630,94.0,5357833.0,46.03,69,1,1,0
Large Office,CD-7,8,253103,3.0,29949248.0,208.79,32,0,1,0
Supermarket / Grocery Store,CD-6,1,60880,54.0,14293972.0,384.27,60,1,1,0
Small- and Mid-Sized Office,CD-7,5,50176,77.0,2933288.75,24.91,116,1,1,0
Large Office,CD-7,42,304346,72.0,23262244.0,741.3,104,1,1,1
Warehouse,CD-2,1,128800,97.0,1809101.5,78.92,39,1,1,0
Large Office,CD-7,8,321945,76.0,13656587.0,355.05,89,0,1,1
Large Office,CD-7,22,336330,77.0,18967014.0,530.66,52,1,1,1
Large Office,CD-7,21,298426,79.0,27076922.0,1084.79,56,0,1,1
Large Office,CD-7,42,635824,69.0,48479988.0,337.97,40,0,1,0
Hotel,CD-7,12,542305,45.0,56485204.0,2573.75,93,1,1,1
Retail Store,CD-2,2,291940,80.0,11688601.0,162.45,36,1,1,0
Mixed Use Property,CD-2,1,88400,42.0,4383100.5,116.03,46,1,1,0
Warehouse,CD-5,1,52311,96.0,930611.875,48.65,56,1,1,0
Other,CD-7,5,141131,,3085814.0,21.51,7,0,1,0
Large Office,CD-7,5,176532,60.0,5803409.0,40.46,15,0,1,0
Warehouse,CD-6,1,52500,2.0,3989399.0,70.47,43,1,1,0
Warehouse,CD-6,2,57300,55.0,4560492.0,156.67,57,1,1,0
Large Office,CD-7,6,350310,90.0,18102026.0,224.36,100,1,1,0
Large Office,CD-7,55,1400000,92.0,53079164.0,588.9,28,1,1,1
Hotel,CD-7,21,305548,58.0,33729336.0,1510.85,86,1,1,1
Large Office,CD-7,46,1536606,89.0,56606136.0,530.18,27,1,1,0
Large Office,CD-7,10,135918,91.0,6423556.5,193.72,58,0,1,1
Retail Store,CD-7,4,79957,25.0,5252131.0,36.61,102,0,1,0
Large Office,CD-7,29,500000,93.0,18848780.0,131.4,33,0,1,0
Large Office,CD-7,10,132326,72.0,6029020.0,65.2,90,1,1,1
Large Office,CD-7,6,109830,45.0,7335905.5,51.14,32,0,1,0
Hotel,CD-7,19,332067,6.0,37785552.0,1468.5,43,1,1,1
Large Office,CD-7,10,130513,49.0,11651200.0,318.08,106,1,1,1
Small- and Mid-Sized Office,CD-7,8,60660,,2586116.0,18.03,96,0,1,0
Large Office,CD-7,14,137350,89.0,6366084.5,202.99,87,0,1,1
Large Office,CD-7,15,151039,84.0,5446624.0,238.09,87,0,1,1
Large Office,CD-7,30,755000,72.0,52226204.0,793.05,31,1,1,1
Small- and Mid-Sized Office,CD-7,4,63540,72.0,3518459.5,74.83,110,1,1,0
Large Office,CD-7,10,130893,80.0,6962073.0,48.54,89,0,1,0
Mixed Use Property,CD-7,5,79920,,3009463.75,20.98,106,0,1,0
Other,CD-7,6,147852,,9671619.0,185.03,20,1,1,0
Other,CD-7,4,267335,,7273155.5,147.75,20,1,1,0
Large Office,CD-7,56,1605578,97.0,49517704.0,525.78,27,1,1,1
Large Office,CD-7,36,794592,96.0,26689658.0,216.43,36,1,1,0
Large Office,CD-7,21,456304,74.0,19397324.0,135.23,45,0,1,0
Large Office,CD-7,12,115857,89.0,4757299.5,33.17,30,0,1,0
Small- and Mid-Sized Office,CD-7,4,87500,72.0,4549892.0,31.72,17,0,1,0
Large Office,CD-7,11,374405,72.0,13329024.0,92.92,18,0,1,0
Other,CD-7,12,193500,,14436982.0,100.65,31,0,1,0
Large Office,CD-7,11,102846,96.0,5327249.5,281.55,93,0,1,1
Small- and Mid-Sized Office,CD-7,4,52800,83.0,2429021.0,44.48,91,1,1,0
Retail Store,CD-7,8,861702,,17666646.0,328.83,87,1,1,1
Other,CD-7,5,206950,,19295226.0,249.09,17,0,1,1
Other,CD-3,9,46710,,4169431.5,130.69,28,0,1,1
Medical Office,CD-3,3,266000,65.0,13911761.0,201.15,71,1,1,1
Medical Office,CD-3,14,690158,58.0,21156670.0,147.49,24,0,1,0
Mixed Use Property,CD-7,6,378443,100.0,55073120.0,456.22,15,1,1,0
Mixed Use Property,CD-7,6,213834,100.0,75073888.0,530.59,15,1,1,0
Hotel,CD-7,5,109017,34.0,9474745.0,243.66,37,1,1,0
Large Office,CD-7,5,275734,77.0,16373232.0,114.14,35,0,1,0
Warehouse,CD-2,1,123061,59.0,1987934.625,13.86,15,0,1,0
Distribution Center,CD-2,1,59090,45.0,2756214.75,117.11,53,1,1,0
Warehouse,CD-2,1,106000,93.0,763364.5,5.32,53,0,1,0
Large Office,CD-4,3,158600,19.0,18309150.0,236.9,54,1,1,0
Distribution Center,CD-2,1,119661,97.0,775729.1875,5.44,56,1,1,0
Large Office,CD-3,7,139200,81.0,4342597.0,30.27,15,0,1,0
Small- and Mid-Sized Office,CD-7,6,95721,95.0,3063504.5,21.36,32,0,1,0
Large Office,CD-7,5,213283,83.0,5661689.5,39.47,20,0,1,0
Large Office,CD-4,3,103697,7.0,11319836.0,374.92,15,1,1,0
Small- and Mid-Sized Office,CD-5,5,74880,56.0,5134607.5,35.8,42,0,1,0
Small- and Mid-Sized Office,CD-5,6,88774,53.0,6029121.5,42.03,37,0,1,0
Large Office,CD-5,5,122250,93.0,5535626.0,38.59,33,0,1,0
Small- and Mid-Sized Office,CD-5,4,53730,20.0,4742869.0,33.06,37,0,1,0
Small- and Mid-Sized Office,CD-1,3,55593,55.0,4224872.5,93.23,56,1,1,0
Large Office,CD-7,4,134056,54.0,4695139.0,32.73,34,0,1,0
Retail Store,CD-2,1,158415,25.0,22394416.0,454.49,11,1,1,0
Large Office,CD-7,8,287819,,48406556.0,349.07,87,1,1,0
Other,CD-3,8,158738,,61762380.0,1268.87,41,1,1,1
Small- and Mid-Sized Office,CD-7,4,86995,81.0,2991674.75,20.86,31,0,1,0
Retail Store,CD-6,1,164437,62.0,18390344.0,326.18,17,1,1,0
Large Office,CD-7,5,184482,95.0,5671256.0,40.47,7,1,1,0
Laboratory,CD-7,3,55200,,11594121.0,269.71,88,1,1,0
Laboratory,CD-7,4,241159,,33713876.0,849.83,13,1,1,0
Large Office,CD-7,6,139282,96.0,3238216.0,22.57,12,0,1,0
Large Office,CD-7,5,271071,96.0,7851334.5,61.93,7,1,1,0
Warehouse,CD-3,5,127800,56.0,2767491.0,29.53,102,1,1,0
Large Office,CD-3,5,560516,71.0,30083496.0,632.4,14,1,1,0
Large Office,CD-3,6,226592,49.0,11963428.0,94.64,15,1,1,0
Mixed Use Property,CD-7,5,159700,,31371618.0,726.96,13,1,1,0
Large Office,CD-7,4,209816,97.0,6917478.5,122.68,10,1,1,0
Large Office,CD-7,6,303103,97.0,7519466.5,69.59,10,1,1,0
Mixed Use Property,CD-7,3,67380,66.0,2755829.0,74.1,62,1,1,0
Laboratory,CD-7,4,102235,,24395228.0,587.16,53,1,1,0
Mixed Use Property,CD-7,5,436497,,45252356.0,1019.53,8,1,1,0
Small- and Mid-Sized Office,CD-7,5,88062,80.0,3415561.25,23.81,42,0,1,0
Small- and Mid-Sized Office,CD-7,5,87178,69.0,3632613.75,25.32,44,0,1,0
Small- and Mid-Sized Office,CD-7,5,87178,86.0,3493093.75,24.35,46,0,1,0
Small- and Mid-Sized Office,CD-7,5,88000,75.0,3484915.5,24.29,45,0,1,0
Medical Office,CD-4,4,196749,5.0,19165116.0,477.87,28,1,1,0
Medical Office,CD-4,4,191276,21.0,8422861.0,77.99,22,1,1,0
Self-Storage Facility,CD-6,2,111445,,5697472.5,163.83,70,1,1,0
Warehouse,CD-1,4,98475,83.0,1090496.625,22.44,19,1,1,0
Hospital,CD-3,7,351530,23.0,42709624.0,1032.63,16,1,1,0
Supermarket / Grocery Store,CD-5,2,308965,78.0,14512786.0,277.98,21,1,1,0
Supermarket / Grocery Store,CD-2,1,63225,100.0,6522551.5,45.47,8,0,1,0
Other,CD-1,1,113780,,3574542.25,121.98,61,1,1,0
Warehouse,CD-2,1,243044,100.0,1396082.25,41.8,17,1,1,0
Other,CD-6,3,280252,,11521702.0,80.32,15,0,1,0
Other,CD-7,3,66462,,6876439.5,47.94,64,0,1,0
Retail Store,CD-5,1,131387,72.0,8773058.0,110.46,19,1,1,0
Warehouse,CD-5,3,94400,38.0,784364.5,10.24,17,1,1,0
Other,CD-5,1,111900,,9814820.0,226.43,52,1,1,0
Supermarket / Grocery Store,CD-5,1,144776,56.0,13424079.0,237.39,32,1,1,0
Retail Store,CD-5,1,114000,79.0,17225444.0,553.27,49,1,1,0
Supermarket / Grocery Store,CD-5,1,50083,78.0,8663691.0,158.92,19,1,1,0
Large Office,CD-6,3,124071,73.0,4991360.5,34.9,28,1,1,0
Small- and Mid-Sized Office,CD-6,4,90000,84.0,3897738.0,27.17,16,0,1,0
Small- and Mid-Sized Office,CD-6,3,96041,70.0,5413418.0,37.74,15,0,1,0
Large Office,CD-6,3,280957,96.0,11325513.0,94.47,17,1,1,0
Large Office,CD-6,4,243334,89.0,8651835.0,85.01,17,1,1,0
Mixed Use Property,CD-7,6,154660,,52960796.0,1623.34,25,1,1,1
Large Office,CD-2,5,390295,95.0,7683885.0,53.57,34,0,1,0
Warehouse,CD-2,2,90000,87.0,1429146.375,17.17,49,1,1,0
Retail Store,CD-2,1,50200,,1047461.0,32.22,50,1,1,0
Small- and Mid-Sized Office,CD-6,6,94033,,4758198.0,120.24,91,1,1,0
Warehouse,CD-6,2,63240,100.0,227566.7031,8.15,75,1,1,0
Other,CD-6,5,322869,,17085344.0,413.35,8,1,1,0
Self-Storage Facility,CD-7,4,130293,,465533.3125,3.25,28,0,1,0
Warehouse,CD-7,4,106041,94.0,1123943.0,25.58,19,1,1,0
Self-Storage Facility,CD-7,3,94470,,1000796.875,33.18,60,1,1,0
Large Office,CD-2,10,181694,88.0,7637986.0,53.25,14,0,1,0
Warehouse,CD-2,1,22780,33.0,402051.3125,2.8,50,0,1,0
Distribution Center,CD-2,1,124472,62.0,5464762.0,237.36,49,1,1,0
Large Office,CD-7,22,227556,95.0,8493420.0,59.21,46,0,1,0
Distribution Center,CD-2,1,50065,72.0,1529510.25,42.65,49,1,1,0
Distribution Center,CD-2,1,57540,26.0,2582687.0,76.68,47,1,1,0
Warehouse,CD-2,1,85400,49.0,1536998.25,10.72,50,0,1,0
Warehouse,CD-2,1,55700,63.0,519806.0938,3.62,50,0,1,0
Small- and Mid-Sized Office,CD-2,1,53250,96.0,1794187.25,46.93,52,1,1,0
Small- and Mid-Sized Office,CD-7,6,78672,98.0,2179719.75,28.63,29,1,1,0
Warehouse,CD-5,3,64660,89.0,325513.0,6.32,30,1,1,0
Mixed Use Property,CD-3,2,75844,,3684188.5,38.48,89,1,1,0
Distribution Center,CD-2,1,161678,25.0,9357230.0,204.81,48,1,1,0
Distribution Center,CD-2,1,101101,1.0,21795830.0,152.71,67,1,1,0
Distribution Center,CD-2,1,52613,80.0,1061458.25,32.02,36,1,1,0
Other,CD-2,1,56608,,5094197.0,74.31,76,1,1,0
Refrigerated Warehouse,CD-2,1,104099,,17695420.0,142.36,63,1,1,0
Supermarket / Grocery Store,CD-5,1,58184,41.0,14715262.0,414.43,13,1,1,0
Supermarket / Grocery Store,CD-5,1,58480,37.0,11054535.0,272.54,36,1,1,0
Large Office,CD-7,6,336700,95.0,9058916.0,54.92,11,0,1,0
Retail Store,CD-7,4,264008,42.0,9937707.0,190.61,20,1,1,0
Small- and Mid-Sized Office,CD-3,2,62220,32.0,5444253.5,38.55,102,1,1,0
Small- and Mid-Sized Office,CD-3,1,65430,89.0,3181045.5,90.24,46,1,1,0
Large Office,CD-4,3,102290,26.0,6062770.5,49.17,10,1,1,0
Other,CD-3,3,80004,,12232124.0,85.28,90,0,1,0
Warehouse,CD-2,2,323916,92.0,8024064.5,262.45,25,1,1,0
Mixed Use Property,CD-2,14,304052,66.0,21027396.0,247.35,84,1,1,0
Small- and Mid-Sized Office,CD-4,4,85385,,4855036.5,33.85,38,0,1,0
Distribution Center,CD-1,2,98024,94.0,1988334.5,42.25,27,1,1,0
Mixed Use Property,CD-7,1,65000,,2603931.25,63.89,88,1,1,0
Large Office,CD-7,5,144573,62.0,5135040.0,35.8,26,0,1,0
Retail Store,CD-5,2,302812,97.0,7290824.5,129.29,66,1,1,0
Small- and Mid-Sized Office,CD-5,5,86400,53.0,9080022.0,293.55,42,1,1,0
Other,CD-5,2,98539,,5450441.5,46.49,47,1,1,0
Small- and Mid-Sized Office,CD-5,6,86483,56.0,6361236.5,44.35,35,0,1,0
Distribution Center,CD-1,1,51600,75.0,1124543.125,22.1,40,1,1,0
Warehouse,CD-1,1,140520,61.0,2225512.0,57.73,48,1,1,0
Large Office,CD-7,5,154029,95.0,4636396.5,58.88,30,1,1,0
Other,CD-5,3,161789,,6963616.5,49.28,11,1,1,0
Medical Office,CD-5,3,63909,,4765753.5,33.22,11,0,1,0
Warehouse,CD-5,2,53472,,971155.625,34.0,68,1,1,0
Warehouse,CD-1,1,50417,14.0,1847401.0,58.67,36,1,1,0
Restaurant,CD-7,1,43728,,11508035.0,611.19,116,1,0,0
Medical Office,CD-5,3,133298,21.0,15640994.0,295.48,55,1,1,0
Retail Store,CD-5,2,168619,78.0,6455828.5,91.1,51,1,1,0
Mixed Use Property,CD-4,5,251827,,47102428.0,1156.45,14,1,1,0
Large Office,CD-7,4,175885,91.0,6486377.5,45.22,16,0,1,0
Warehouse,CD-2,2,104786,93.0,1028376.875,23.86,47,1,1,0
Other,CD-2,1,53040,,1770027.5,49.9,16,1,1,0
Other,CD-2,1,110689,,2339814.25,107.83,43,1,1,0
Small- and Mid-Sized Office,CD-2,1,53620,86.0,2058955.25,22.12,68,1,1,0
Small- and Mid-Sized Office,CD-2,1,50008,62.0,3202213.0,65.3,78,1,1,0
Large Office,CD-7,4,291176,98.0,6657348.5,49.74,7,1,1,0
Warehouse,CD-2,1,50832,63.0,2551022.25,107.16,59,1,1,0
Refrigerated Warehouse,CD-2,1,76354,70.0,2843033.5,20.29,45,1,1,0
Warehouse,CD-2,1,98480,65.0,2831565.5,39.5,60,1,1,0
Mixed Use Property,CD-4,2,53002,75.0,3441643.25,64.0,112,1,1,0
Mixed Use Property,CD-4,3,175918,,22530168.0,640.71,8,1,1,0
Other,CD-3,3,169785,,19155416.0,406.02,96,1,1,0
Large Office,CD-7,11,124721,58.0,13898181.0,365.79,45,1,1,0
Small- and Mid-Sized Office,CD-7,7,94002,70.0,5662234.0,39.47,46,0,1,0
Warehouse,CD-2,1,93020,60.0,1252323.875,8.73,42,0,1,0
Other,CD-7,1,23000,,711118.375,25.74,70,1,1,0
Supermarket / Grocery Store,CD-2,1,61053,32.0,13133225.0,306.5,14,1,1,0
Small- and Mid-Sized Office,CD-2,5,78920,88.0,2830674.75,19.73,112,0,1,0
Small- and Mid-Sized Office,CD-2,7,99440,64.0,6606832.5,134.69,110,1,1,0
Small- and Mid-Sized Office,CD-2,6,73260,82.0,2853189.5,19.89,109,0,1,0
Small- and Mid-Sized Office,CD-7,4,69817,87.0,2178074.5,76.8,116,1,1,1
Small- and Mid-Sized Office,CD-7,4,84750,,2094724.625,26.04,116,1,1,0
Small- and Mid-Sized Office,CD-7,6,75496,,3570161.75,24.89,116,0,1,0
Large Office,CD-7,4,164380,79.0,7655751.0,130.31,116,1,1,1
Large Office,CD-2,7,160580,98.0,4336187.5,99.59,109,1,1,1
Other,CD-2,3,67755,,1904480.0,13.28,110,0,1,0
Mixed Use Property,CD-2,3,56700,37.0,2371575.0,31.58,106,1,1,0
Warehouse,CD-2,1,82852,83.0,2153603.5,65.56,94,1,1,0
Other,CD-2,2,76442,,3978277.0,132.6,63,1,1,0
Distribution Center,CD-2,2,92792,56.0,3155496.0,74.18,54,1,1,0
Other,CD-2,2,125519,,2244317.0,15.65,75,0,1,0
Large Office,CD-2,4,129000,80.0,4374646.0,30.5,116,0,1,0
Warehouse,CD-2,1,78814,69.0,861972.875,16.48,62,1,1,0
Small- and Mid-Sized Office,CD-2,4,58970,,1776411.75,41.18,112,1,1,0
Distribution Center,CD-2,6,75600,15.0,2688675.75,18.74,106,0,1,0
Distribution Center,CD-2,4,56270,,1056782.125,7.37,109,0,1,0
Small- and Mid-Sized Office,CD-2,4,66842,31.0,5608600.5,138.35,112,1,1,0
Small- and Mid-Sized Office,CD-2,6,75288,81.0,2891605.0,20.18,107,1,1,0
Large Office,CD-2,7,184322,81.0,9722890.0,67.78,112,0,1,0
Large Office,CD-2,7,287853,43.0,25567108.0,182.14,7,1,1,0
Small- and Mid-Sized Office,CD-2,2,64512,53.0,5968153.5,180.76,102,1,1,0
Mixed Use Property,CD-2,6,286000,,63835192.0,445.62,7,1,1,0
Warehouse,CD-2,7,144050,26.0,3929371.0,98.43,90,1,1,0
Small- and Mid-Sized Office,CD-2,3,60592,16.0,5049446.5,47.25,86,1,1,0
Large Office,CD-2,6,1380959,79.0,74130576.0,810.7,104,1,1,0
Retail Store,CD-2,1,107930,57.0,7221482.5,100.42,23,1,1,0
Warehouse,CD-2,1,99084,83.0,1618110.375,49.25,90,1,1,0
Distribution Center,CD-1,1,72719,28.0,2581741.75,42.74,63,1,1,0
Small- and Mid-Sized Office,CD-3,4,76624,91.0,2773647.5,33.41,86,1,1,0
Small- and Mid-Sized Office,CD-4,6,91706,2.0,8570571.0,59.75,15,0,1,0
Medical Office,CD-7,5,129093,6.0,19248732.0,477.85,8,1,1,0
Large Office,CD-1,5,138106,41.0,8381834.5,58.43,25,0,1,0
Retail Store,CD-2,1,56572,66.0,2409429.0,67.29,43,1,1,0
Medical Office,CD-3,0,225982,53.0,20560622.0,692.12,12,0,1,1
Mixed Use Property,CD-7,0,516407,31.0,39403320.0,734.72,10,1,1,0
Large Office,CD-2,11,312512,,25747022.0,185.39,16,1,1,0
Large Office,CD-7,42,1592914,97.0,56498868.0,481.06,11,1,1,1
Small- and Mid-Sized Office,CD-7,6,97720,,2478025.25,17.28,90,0,1,0
Medical Office,CD-3,10,422503,46.0,17254810.0,190.1,31,0,1,1
Medical Office,CD-3,7,94500,68.0,5792926.0,40.38,29,0,1,0
Retail Store,CD-1,1,94713,79.0,5417598.0,94.74,11,1,1,0
Medical Office,CD-7,9,302902,58.0,14751117.0,130.32,8,1,1,0
Medical Office,CD-3,19,319911,50.0,15067340.0,357.39,43,0,1,1
Large Office,CD-7,6,205521,94.0,8138616.5,282.46,116,1,1,1
Small- and Mid-Sized Office,CD-7,6,56700,55.0,3065954.5,21.37,116,0,1,0
Small- and Mid-Sized Office,CD-2,4,72000,89.0,2729167.75,23.48,91,1,1,0
Large Office,CD-7,4,191146,93.0,5101504.5,35.56,16,0,1,0
Other,CD-1,3,68763,,9029489.0,310.19,15,1,1,0
Other,CD-2,1,102133,,20725996.0,530.62,22,1,1,0
Large Office,CD-7,14,362046,86.0,15725581.0,116.95,8,1,1,0
Other,CD-7,2,81336,,13085297.0,270.17,22,1,1,0
Large Office,CD-7,23,538933,90.0,16020642.0,111.69,15,0,1,0
Other,CD-7,6,275982,,5233553.5,36.49,33,0,1,0
Small- and Mid-Sized Office,CD-7,5,98668,91.0,4391348.0,30.61,34,0,1,0
Large Office,CD-2,1,158931,12.0,8751704.0,98.54,9,1,1,0
Large Office,CD-7,1,105100,1.0,22078064.0,357.86,38,1,1,0
Supermarket / Grocery Store,CD-7,1,57176,31.0,12525174.0,0.0,8,0,0,0
Retail Store,CD-7,1,50660,51.0,2661488.0,60.7,38,1,1,0
Small- and Mid-Sized Office,CD-7,2,61929,59.0,2203026.5,55.73,79,1,1,0
Large Office,CD-7,4,165111,1.0,25478086.0,177.62,16,0,1,0
Small- and Mid-Sized Office,CD-7,3,20565,65.0,802312.5,5.59,91,0,1,0
Large Office,CD-7,5,159937,63.0,7857972.5,54.78,16,0,1,0
Large Office,CD-7,5,183964,56.0,14856199.0,103.57,8,0,1,0
Large Office,CD-7,5,208210,95.0,5514308.5,116.74,30,1,1,0
Large Office,CD-7,7,277486,63.0,12729858.0,88.74,30,0,1,0
Large Office,CD-7,3,187130,77.0,10053489.0,70.09,23,0,1,0
Large Office,CD-7,5,251044,99.0,17186624.0,119.81,16,0,1,0
Warehouse,CD-7,5,154330,81.0,1262235.25,8.8,104,0,1,0
Large Office,CD-7,6,108245,,4515180.5,50.17,98,0,1,1
Large Office,CD-7,6,167860,70.0,6797647.0,47.39,111,0,1,0
Large Office,CD-7,6,112560,86.0,4946798.5,97.82,106,1,1,0
Retail Store,CD-7,6,86204,89.0,3241917.0,69.02,106,1,1,0
Warehouse,CD-2,2,145158,51.0,8384523.0,119.46,31,1,1,0
Large Office,CD-2,2,112896,66.0,10287986.0,157.48,65,1,1,0
Distribution Center,CD-2,1,110613,95.0,1015060.188,7.08,56,0,1,0
Warehouse,CD-2,4,149881,97.0,2417401.25,95.86,65,1,1,0
Warehouse,CD-2,3,98220,12.0,6468090.0,75.29,65,1,1,0
Distribution Center,CD-2,1,84420,55.0,2848317.25,19.86,46,0,1,0
Distribution Center,CD-2,1,73335,,5197118.0,155.74,55,1,1,0
Distribution Center,CD-2,2,56876,,1791715.625,48.5,88,1,1,0
Warehouse,CD-2,2,61200,16.0,4912143.0,178.62,85,1,1,0
Distribution Center,CD-2,1,111908,87.0,1555420.25,34.14,29,1,1,0
Other,CD-2,2,63644,,6858533.5,168.5,30,1,1,0
Mixed Use Property,CD-2,2,108753,,3639670.25,25.37,86,0,1,0
Supermarket / Grocery Store,CD-6,1,141890,91.0,16865978.0,293.56,46,1,1,0
Small- and Mid-Sized Office,CD-6,4,92092,5.0,4817062.0,33.58,15,0,1,0
Warehouse,CD-7,3,56259,,2346571.5,86.9,42,1,1,0
Other,CD-4,6,143439,,25631512.0,710.7,10,1,1,0
Large Office,CD-6,4,202623,73.0,8873485.0,61.86,8,0,1,0
Small- and Mid-Sized Office,CD-6,2,77174,33.0,5481549.0,38.21,16,0,1,0
Large Office,CD-7,5,110524,57.0,6859198.0,47.82,18,0,1,0
Mixed Use Property,CD-3,5,287224,,21042926.0,314.43,8,1,1,0
Laboratory,CD-3,4,115748,,36436388.0,1154.79,17,1,1,0
Large Office,CD-7,7,241875,88.0,8655604.0,68.06,16,1,1,0
Large Office,CD-7,5,102930,85.0,4750799.0,65.03,42,1,1,0
Small- and Mid-Sized Office,CD-7,3,76893,,12029600.0,260.13,114,1,1,0
Large Office,CD-7,8,150000,65.0,9343428.0,119.93,41,1,1,0
Large Office,CD-7,7,274362,82.0,16540550.0,147.82,63,1,1,0
Large Office,CD-7,15,378002,85.0,17750994.0,246.83,33,1,1,0
Large Office,CD-7,11,169020,83.0,11480494.0,346.62,53,1,1,1
Other,CD-7,33,429405,98.0,274682208.0,1921.82,35,1,1,0
Large Office,CD-7,76,1952220,86.0,92937640.0,882.56,31,1,1,0
Large Office,CD-7,19,383515,90.0,15878689.0,110.7,35,0,1,0
Medical Office,CD-7,18,363934,68.0,22104512.0,582.28,91,1,1,1
Retail Store,CD-7,4,78920,80.0,8303666.5,109.85,87,1,1,0
Large Office,CD-7,7,131143,93.0,5177270.5,109.16,37,1,1,0
Other,CD-7,0,947987,,46510960.0,324.25,17,0,1,0
Mixed Use Property,CD-3,4,55520,,3686962.25,150.88,108,1,1,0
Large Office,CD-7,10,132998,97.0,3775187.5,133.8,108,0,1,1
Retail Store,CD-7,3,83118,59.0,2443141.5,27.82,76,1,1,0
Retail Store,CD-7,3,77555,39.0,7802205.5,54.4,92,1,1,0
Small- and Mid-Sized Office,CD-7,6,51218,57.0,2886141.5,20.12,107,0,1,0
Large Office,CD-7,29,489182,43.0,36378588.0,426.39,46,1,1,0
Large Office,CD-7,27,216571,62.0,16246106.0,639.72,87,1,1,1
Large Office,CD-7,13,189175,13.0,19036416.0,132.71,95,0,1,0
Large Office,CD-7,13,293803,25.0,17074142.0,119.03,18,0,1,0
Large Office,CD-7,7,122356,91.0,4585070.5,41.8,106,1,1,0
Small- and Mid-Sized Office,CD-7,3,52298,89.0,1968655.125,13.72,95,0,1,0
Large Office,CD-7,17,116640,75.0,6758565.5,169.06,105,0,1,1
Large Office,CD-3,42,1249055,95.0,37980712.0,264.78,35,0,1,0
Medical Office,CD-3,5,188339,15.0,8523594.0,89.41,28,1,1,0
University,CD-3,2,60122,,690529.5,9.31,100,1,1,0
Small- and Mid-Sized Office,CD-2,6,95000,83.0,4052720.0,31.43,106,1,1,0
Large Office,CD-7,9,224857,79.0,15272491.0,390.67,45,0,1,1
Large Office,CD-2,8,446261,96.0,13568148.0,94.59,18,0,1,0
Other,CD-2,2,58492,,1594422.5,51.56,77,1,1,0
Small- and Mid-Sized Office,CD-2,6,62370,30.0,4353025.0,30.35,109,0,1,0
Warehouse,CD-2,1,73296,83.0,2356376.75,73.58,56,1,1,0
Other,CD-2,4,99122,,14469228.0,179.45,72,1,1,0
Other,CD-2,1,66133,,6345009.5,89.94,31,1,1,0
Warehouse,CD-2,2,115668,,3534690.75,111.23,64,1,1,0
Other,CD-2,1,141686,,6673138.0,46.52,46,0,1,0
Small- and Mid-Sized Office,CD-2,1,93610,95.0,6235947.0,152.28,66,1,1,0
Large Office,CD-2,2,156188,67.0,6843855.0,60.92,43,1,1,0
Warehouse,CD-2,1,115620,11.0,1951856.25,13.61,50,0,1,0
Large Office,CD-2,5,238148,93.0,10775646.0,75.12,41,0,1,0
Distribution Center,CD-2,1,71718,100.0,151754.2969,1.06,47,0,1,0
Warehouse,CD-1,1,55450,31.0,4345698.0,131.64,47,1,1,0
Distribution Center,CD-1,1,54880,32.0,2763597.0,89.53,37,1,1,0
Retail Store,CD-1,1,102500,81.0,7305474.0,158.55,24,1,1,0
Other,CD-4,6,361398,,8915523.0,119.92,14,1,1,0
Supermarket / Grocery Store,CD-2,1,50785,57.0,7439009.0,195.43,53,1,1,0
Small- and Mid-Sized Office,CD-1,3,85126,1.0,37951708.0,166.13,87,1,1,0
Other,CD-5,5,303255,,11077140.0,99.14,16,1,1,0
Distribution Center,CD-2,1,411584,43.0,15091579.0,455.39,30,1,1,0
Mixed Use Property,CD-7,4,73320,,1141189.75,29.16,114,1,1,0
Large Office,CD-7,4,242686,77.0,9683979.0,67.51,8,0,1,0
Small- and Mid-Sized Office,CD-2,6,95760,83.0,5392617.5,74.45,116,1,1,0
Warehouse,CD-2,1,179413,57.0,3459543.0,24.12,70,0,1,0
Warehouse,CD-2,1,65288,,605971.1875,4.22,99,0,1,0
Warehouse,CD-1,1,170632,98.0,602245.0,4.2,50,0,1,0
Large Office,CD-7,10,381511,87.0,11410228.0,106.12,22,1,1,0
Large Office,CD-3,17,413264,91.0,13631141.0,95.03,7,0,1,0
Mixed Use Property,CD-4,6,122400,63.0,4865551.5,79.39,7,1,1,0
Retail Store,CD-4,2,93803,,5453438.5,110.41,60,1,1,0
Warehouse,CD-2,2,123000,47.0,3004271.0,20.94,50,0,1,0
Medical Office,CD-3,5,275130,70.0,9941308.0,69.3,13,0,1,0
Warehouse,CD-2,1,60448,90.0,1052244.75,27.24,38,1,1,0
Hospital,CD-3,14,1765970,54.0,291614432.0,12307.16,22,1,1,1
Other,CD-7,4,62600,,11147342.0,406.04,88,1,1,0
Mixed Use Property,CD-3,4,77412,,2655387.5,20.85,12,1,1,0
Medical Office,CD-3,5,289419,59.0,12731388.0,133.5,26,1,1,0
Other,CD-5,5,90266,18.0,7771933.5,54.18,29,0,1,0
Warehouse,CD-6,4,87332,87.0,1165598.875,14.49,12,1,1,0
Hotel,CD-3,6,150545,28.0,13410041.0,453.76,13,1,1,0
Other,CD-7,5,141718,,19085174.0,341.23,17,1,1,0
Hotel,CD-7,5,111856,8.0,9444484.0,278.97,8,1,1,0
Warehouse,CD-3,4,132828,83.0,1083729.625,7.56,28,0,1,0
Warehouse,CD-1,1,70400,1.0,13962749.0,284.01,46,1,1,0
Retail Store,CD-5,1,101830,60.0,10713006.0,295.12,21,1,1,0
University,CD-3,4,114000,,7575080.0,109.71,42,1,1,0
Warehouse,CD-1,1,152365,88.0,1069749.75,13.07,51,1,1,0
Medical Office,CD-3,6,320946,57.0,25471308.0,189.85,106,1,1,0
Retail Store,CD-2,1,74178,,5402181.0,134.82,58,1,1,0
Warehouse,CD-5,4,80360,96.0,686019.1875,16.27,29,1,1,0
Supermarket / Grocery Store,CD-3,3,119190,71.0,10077532.0,267.0,20,1,1,0
Other,CD-2,2,51856,,1938613.125,13.51,8,0,1,0
Mixed Use Property,CD-2,3,66138,3.0,7070998.5,49.29,95,0,1,0
Large Office,CD-4,3,113944,1.0,17880184.0,128.73,56,1,1,0
Low-Rise Multifamily,CD-4,3,93079,32.0,1997181.5,25.6,16,1,1,0
Worship Facility,CD-4,2,22220,90.0,778355.8125,31.74,59,1,1,0
Mixed Use Property,CD-2,1,44700,,2042771.0,30.52,54,1,1,0
Warehouse,CD-2,1,44100,1.0,1618916.375,11.29,40,0,1,0
Distribution Center,CD-2,1,27800,13.0,1224186.25,24.39,51,1,1,0
Warehouse,CD-2,1,46340,3.0,2564004.0,17.87,15,0,1,0
Small- and Mid-Sized Office,CD-3,3,38460,69.0,1950713.25,36.02,106,1,1,0
Worship Facility,CD-6,2,21022,54.0,945245.625,43.84,94,1,1,0
Distribution Center,CD-2,1,48001,49.0,2143650.75,86.46,49,1,1,0
Warehouse,CD-2,1,26380,,509124.0,3.58,37,1,1,0
Warehouse,CD-2,1,37351,10.0,2559461.75,77.04,47,1,1,0
Warehouse,CD-2,1,30375,73.0,345866.6875,2.41,35,0,1,0
Warehouse,CD-2,1,30004,,369291.5,2.57,37,0,1,0
Other,CD-4,3,39971,,10960107.0,416.07,88,1,1,0
Worship Facility,CD-6,2,33589,90.0,509836.1875,21.93,102,1,1,0
Small- and Mid-Sized Office,CD-6,3,43500,46.0,3220635.25,22.65,37,1,1,0
Small- and Mid-Sized Office,CD-6,2,28492,12.0,1896298.875,37.78,38,1,1,0
Small- and Mid-Sized Office,CD-6,3,22325,,1401315.875,9.77,53,0,1,0
Restaurant,CD-6,3,22719,,1358519.0,9.47,39,0,1,0
Laboratory,CD-7,2,44588,,7251589.0,50.55,70,0,1,0
Retail Store,CD-3,2,147545,69.0,6787070.0,169.75,99,1,1,0
Other,CD-4,2,21462,,1114384.625,7.77,93,0,1,0
Other,CD-6,2,28072,,1362523.0,63.48,99,1,1,0
Restaurant,CD-7,2,31020,,4970047.0,207.6,61,1,1,0
Small- and Mid-Sized Office,CD-7,2,21600,,1636649.125,29.62,99,1,1,0
Small- and Mid-Sized Office,CD-7,5,61825,59.0,4322873.0,141.2,42,1,1,0
Small- and Mid-Sized Office,CD-7,3,64630,96.0,1408291.375,9.82,74,0,1,0
Worship Facility,CD-7,2,20920,15.0,1042108.5,42.19,68,1,1,0
Worship Facility,CD-1,2,22128,94.0,608359.6875,25.24,90,1,1,0
Retail Store,CD-5,1,48139,98.0,859236.625,24.02,48,1,1,0
Worship Facility,CD-1,2,21364,86.0,965651.125,43.8,67,1,1,0
University,CD-7,2,28923,,439311.9063,15.27,24,1,1,0
University,CD-7,3,21600,,323739.4063,6.33,88,1,1,0
Retail Store,CD-4,1,25735,82.0,1169394.875,18.1,20,1,1,0
Retail Store,CD-4,2,25862,20.0,4801472.0,154.17,60,1,1,0
Retail Store,CD-4,2,49965,82.0,3377209.75,29.54,13,1,1,0
Small- and Mid-Sized Office,CD-7,2,20028,95.0,511797.4063,14.22,87,0,1,1
Small- and Mid-Sized Office,CD-7,7,23622,100.0,552007.5,9.95,116,1,1,0
Small- and Mid-Sized Office,CD-7,3,23563,67.0,883197.6875,6.16,114,0,1,0
Mixed Use Property,CD-7,3,28600,,1062722.625,24.25,113,1,1,0
Mixed Use Property,CD-7,2,38539,55.0,2186018.5,15.24,38,0,1,0
Small- and Mid-Sized Office,CD-7,5,26840,24.0,1989287.0,13.87,110,0,1,0
Retail Store,CD-7,2,46800,86.0,1245187.5,8.68,110,0,1,0
Small- and Mid-Sized Office,CD-7,3,63990,51.0,2067352.5,14.63,37,1,1,0
Small- and Mid-Sized Office,CD-7,3,28800,50.0,1345025.75,28.81,108,1,1,0
Small- and Mid-Sized Office,CD-7,3,33552,75.0,1696978.75,60.43,62,1,1,0
Retail Store,CD-7,2,26270,32.0,1560461.75,33.78,85,1,1,0
Small- and Mid-Sized Office,CD-7,3,57620,50.0,2385395.0,16.63,90,0,1,0
Mixed Use Property,CD-7,2,28696,,418348.5,2.92,62,0,1,0
Hotel,CD-7,5,57800,87.0,2443065.25,66.29,26,1,1,0
Other,CD-7,2,31890,2.0,1858224.625,12.95,61,0,1,0
Small- and Mid-Sized Office,CD-7,2,44098,53.0,1441900.5,41.69,91,0,1,1
Restaurant,CD-7,3,22381,,3532966.5,126.78,93,1,1,0
Laboratory,CD-7,4,49249,,33268410.0,1266.06,90,1,1,0
Retail Store,CD-7,1,24825,,439521.0938,11.14,91,1,1,0
Medical Office,CD-7,4,26670,51.0,1553208.375,10.83,64,1,1,0
Other,CD-7,2,37740,,3095882.0,86.02,94,1,1,0
Small- and Mid-Sized Office,CD-7,1,23752,,1067153.75,30.33,51,1,1,0
Hotel,CD-7,4,44416,61.0,2669564.25,72.78,49,1,1,0
Mixed Use Property,CD-7,2,33792,,2547848.0,30.6,10,1,1,0
Worship Facility,CD-6,2,45991,77.0,1145535.75,36.43,88,1,1,0
Residence Hall,CD-4,3,21499,85.0,605130.6875,4.22,95,0,1,0
Small- and Mid-Sized Office,CD-4,2,20384,16.0,1791071.375,13.91,27,1,1,0
Retail Store,CD-4,2,39265,,5238803.0,47.12,60,1,1,0
Retail Store,CD-4,2,54284,18.0,6778694.0,63.61,60,1,1,0
Retail Store,CD-4,1,23409,67.0,2545405.0,28.41,60,1,1,0
Retail Store,CD-4,1,63153,,4644178.0,47.66,19,1,1,0
Hotel,CD-4,2,24100,91.0,1587454.75,46.57,55,1,1,0
Restaurant,CD-7,3,33600,,4475650.0,101.99,93,1,1,0
Other,CD-7,4,32356,81.0,1857154.75,74.92,89,0,1,1
Hotel,CD-7,7,61180,24.0,3993913.25,126.3,56,1,1,0
Small- and Mid-Sized Office,CD-7,5,43506,51.0,3460275.5,99.15,38,1,1,0
Worship Facility,CD-6,2,23931,88.0,496477.3125,18.66,106,1,1,0
Worship Facility,CD-6,2,21393,57.0,845961.375,32.64,68,1,1,0
Mixed Use Property,CD-2,2,47560,80.0,1132489.625,33.23,26,1,1,0
Senior Care Community,CD-3,6,62334,100.0,1076733.25,34.98,10,1,1,0
Residence Hall,CD-4,3,20960,,1500309.75,64.51,86,1,1,0
University,CD-7,3,28800,,717056.375,8.45,106,1,1,0
K-12 School,CD-7,2,21600,72.0,1261536.75,38.87,59,1,1,0
K-12 School,CD-7,3,22860,43.0,931148.625,6.49,21,0,1,0
Worship Facility,CD-4,1,26366,88.0,888031.875,32.22,44,1,1,0
Worship Facility,CD-2,2,21732,2.0,860364.1875,23.59,51,1,1,0
Mixed Use Property,CD-6,1,21060,,350264.5938,6.69,71,1,1,0
Mixed Use Property,CD-6,4,20539,,1678458.75,37.31,56,1,1,0
Retail Store,CD-4,3,32960,71.0,813641.0,5.67,116,0,1,0
Other,CD-4,3,29636,,688641.8125,4.8,95,0,1,0
Hotel,CD-4,3,20571,72.0,716279.6875,4.99,86,0,1,0
Worship Facility,CD-4,2,47992,17.0,3040195.5,118.37,90,1,1,0
Residence Hall,CD-4,3,28572,16.0,2717863.25,89.57,23,1,1,0
Residence Hall,CD-3,15,115775,94.0,2882489.75,20.09,34,0,1,0
Worship Facility,CD-4,2,31386,52.0,1128179.125,27.14,16,1,1,0
Small- and Mid-Sized Office,CD-4,2,84116,68.0,2641681.75,20.08,4,1,1,0
Hotel,CD-7,9,104000,8.0,8690648.0,355.8,91,1,1,1
Senior Care Community,CD-2,3,78374,98.0,3321035.75,23.15,35,0,1,0
Mixed Use Property,CD-6,2,38784,,1841154.25,26.11,9,1,1,0
Other,CD-2,2,41790,,2177075.0,33.37,47,1,1,0
Small- and Mid-Sized Office,CD-7,5,39960,77.0,2178690.5,49.98,116,1,1,0
Warehouse,CD-7,5,33300,,90558.70313,0.63,116,0,1,0
Hotel,CD-7,11,36240,98.0,2147968.25,120.91,90,1,1,1
Other,CD-7,3,39320,,3042875.5,145.48,94,1,1,1
Other,CD-7,5,41536,,2735166.0,19.07,108,0,1,0
Hotel,CD-7,6,35820,94.0,3321603.0,130.58,107,1,1,0
K-12 School,CD-1,2,33462,76.0,3987215.5,185.23,94,1,1,0
K-12 School,CD-1,3,49744,98.0,2096835.5,89.29,51,1,1,0
Worship Facility,CD-1,2,37816,60.0,1411305.5,43.45,93,1,1,0
Mixed Use Property,CD-1,2,23315,,1354000.625,35.04,90,1,1,0
Mixed Use Property,CD-1,2,20700,,4265815.0,188.67,86,1,1,0
Other,CD-1,1,41521,,3343550.0,100.21,68,1,1,0
Supermarket / Grocery Store,CD-1,2,25762,100.0,1906384.875,13.29,70,0,1,0
Other,CD-1,1,33334,,6118300.5,210.3,32,1,1,0
Small- and Mid-Sized Office,CD-1,3,43387,60.0,2686765.0,34.15,35,1,1,0
Mixed Use Property,CD-5,1,39350,,267135.0938,1.86,37,0,1,0
Other,CD-5,1,22405,,3498214.75,134.57,67,1,1,0
Warehouse,CD-2,1,37500,36.0,1811506.375,13.16,31,1,1,0
Medical Office,CD-3,2,39000,25.0,2615247.75,33.92,26,1,1,0
Other,CD-1,1,22180,,5089083.0,147.0,92,1,1,0
Distribution Center,CD-2,1,25920,,1219744.75,12.48,47,1,1,0
Refrigerated Warehouse,CD-2,1,25480,,741287.1875,5.17,63,0,1,0
Warehouse,CD-2,2,31000,,2301043.75,19.93,46,1,1,0
Small- and Mid-Sized Office,CD-2,1,29740,57.0,1467060.25,19.82,55,1,1,0
Distribution Center,CD-2,1,23236,,433871.0,13.02,62,1,1,0
Small- and Mid-Sized Office,CD-2,3,38075,,1921801.25,19.04,7,1,1,0
Small- and Mid-Sized Office,CD-3,2,39170,81.0,2130673.75,63.06,46,1,1,0
Other,CD-3,1,36070,,1441665.375,10.05,39,0,1,0
Other,CD-2,2,20047,,117438.3984,0.82,53,0,1,0
Retail Store,CD-2,1,20000,75.0,557863.6875,3.89,102,0,1,0
Warehouse,CD-2,2,32400,91.0,248616.0,1.73,61,0,1,0
Supermarket / Grocery Store,CD-7,1,25159,38.0,8905287.0,247.85,54,1,1,0
Other,CD-7,1,27247,,2332996.5,83.1,68,1,1,0
Distribution Center,CD-2,1,26680,92.0,243518.2031,1.7,61,0,1,0
Warehouse,CD-1,1,31521,6.0,1788148.0,61.71,63,1,1,0
Warehouse,CD-2,1,24000,,1257033.5,46.64,65,1,1,0
Self-Storage Facility,CD-2,1,21900,,1333637.625,65.65,64,1,1,0
Warehouse,CD-2,1,38005,,752093.625,10.75,55,1,1,0
Distribution Center,CD-2,1,35579,72.0,1096646.25,39.05,18,1,1,0
Distribution Center,CD-2,1,49950,77.0,238969.7031,1.67,41,0,1,0
Worship Facility,CD-7,2,22612,87.0,731321.8125,31.6,69,1,1,0
Other,CD-5,2,38787,,3204685.5,67.52,40,1,1,0
Self-Storage Facility,CD-5,2,50368,,753275.1875,28.58,28,1,1,0
Warehouse,CD-2,1,30545,12.0,1577040.875,61.53,78,1,1,0
K-12 School,CD-7,3,32691,99.0,971990.3125,29.82,94,1,1,0
Worship Facility,CD-7,2,24227,55.0,1086678.125,47.59,53,1,1,0
Distribution Center,CD-2,1,27000,61.0,651293.3125,18.85,60,1,1,0
Small- and Mid-Sized Office,CD-4,2,21183,99.0,361542.0938,2.52,59,0,1,0
Small- and Mid-Sized Office,CD-4,3,29392,91.0,755618.1875,6.18,55,1,1,0
Large Office,CD-4,5,137738,62.0,4704936.5,32.8,31,0,1,0
Residence Hall,CD-4,3,21118,49.0,1361427.75,39.5,28,1,1,0
Large Office,CD-4,5,206126,98.0,4489661.0,72.26,3,1,1,0
Small- and Mid-Sized Office,CD-4,2,20500,48.0,1326178.125,11.27,116,1,1,0
Senior Care Community,CD-6,2,34636,3.0,12148720.0,480.9,50,1,1,0
Worship Facility,CD-4,2,25521,82.0,605186.3125,15.47,86,1,1,0
K-12 School,CD-4,1,23190,79.0,1705515.25,68.14,30,1,1,0
Small- and Mid-Sized Office,CD-6,1,20678,98.0,770333.0,32.63,56,1,1,0
K-12 School,CD-6,3,28820,43.0,2595783.5,106.45,94,1,1,0
Worship Facility,CD-2,2,27876,69.0,1829981.375,68.97,62,1,1,0
Senior Care Community,CD-2,2,48882,51.0,6782435.0,235.26,50,1,1,0
Warehouse,CD-2,1,22320,62.0,439065.9063,3.06,39,0,1,0
Other,CD-2,1,47105,,10234721.0,348.22,40,1,1,0
Small- and Mid-Sized Office,CD-2,2,40029,69.0,1471914.25,10.26,34,0,1,0
Small- and Mid-Sized Office,CD-2,2,28304,67.0,1269367.5,8.85,46,0,1,0
Other,CD-2,1,26400,,452612.5,3.16,46,0,1,0
Warehouse,CD-2,1,27680,,1778431.75,64.81,48,1,1,0
Small- and Mid-Sized Office,CD-2,2,25872,,1787119.0,45.79,47,1,1,0
Small- and Mid-Sized Office,CD-2,2,25872,41.0,2399353.5,81.96,47,1,1,0
Warehouse,CD-2,1,20500,65.0,222600.0938,1.55,47,0,1,0
Small- and Mid-Sized Office,CD-4,2,21436,95.0,534703.6875,3.73,58,0,1,0
Mixed Use Property,CD-3,1,20233,,630250.125,18.16,18,1,1,0
Small- and Mid-Sized Office,CD-6,4,39926,,1010967.688,14.49,10,1,1,0
Small- and Mid-Sized Office,CD-4,3,31417,94.0,1126157.25,28.09,31,1,1,0
Self-Storage Facility,CD-7,6,46580,,710275.375,4.95,88,0,1,0
Retail Store,CD-7,2,25920,5.0,478690.0938,3.34,100,0,1,0
Retail Store,CD-7,2,25920,93.0,1011667.5,13.71,97,1,1,0
Hotel,CD-7,8,61721,93.0,2897079.75,36.92,106,1,1,0
Small- and Mid-Sized Office,CD-7,2,25920,75.0,1793851.375,46.48,97,1,1,0
Small- and Mid-Sized Office,CD-3,4,39760,92.0,2478960.0,149.91,91,1,1,1
Other,CD-3,3,30971,,2823184.0,94.85,96,1,1,1
Small- and Mid-Sized Office,CD-3,3,22667,1.0,3767135.0,148.55,70,1,1,1
Warehouse,CD-6,2,33840,,2227638.25,60.88,89,1,1,0
Mixed Use Property,CD-6,3,41827,,4193371.0,110.17,15,1,1,0
Small- and Mid-Sized Office,CD-6,5,33740,79.0,1291405.25,9.0,15,0,1,0
Retail Store,CD-6,2,20516,98.0,1021796.625,42.04,105,1,1,0
Retail Store,CD-6,3,27480,88.0,1215156.25,8.47,110,0,1,0
Mixed Use Property,CD-6,1,46958,95.0,1818867.875,30.32,69,1,1,0
Distribution Center,CD-6,1,26532,5.0,1934224.25,66.53,32,1,1,0
Small- and Mid-Sized Office,CD-6,2,22388,,576405.125,9.46,35,1,1,0
Other,CD-6,1,30730,,3050455.25,73.52,47,1,1,0
Small- and Mid-Sized Office,CD-6,2,35600,47.0,2173143.75,18.34,30,1,1,0
Worship Facility,CD-7,3,62000,81.0,1799664.125,82.34,67,1,1,0
Small- and Mid-Sized Office,CD-7,2,23600,82.0,776248.6875,5.41,35,0,1,0
Small- and Mid-Sized Office,CD-7,3,40067,43.0,2303732.75,16.06,30,0,1,0
Small- and Mid-Sized Office,CD-7,3,26419,67.0,1074989.0,7.49,27,0,1,0
Small- and Mid-Sized Office,CD-7,3,25262,54.0,1469556.25,23.85,37,1,1,0
Other,CD-6,3,53103,,4877959.0,38.12,20,1,1,0
Small- and Mid-Sized Office,CD-7,3,34106,57.0,1619177.125,11.29,36,0,1,0
Small- and Mid-Sized Office,CD-7,3,34545,29.0,2313978.75,16.13,36,0,1,0
Small- and Mid-Sized Office,CD-7,3,70296,86.0,2782066.5,19.39,36,0,1,0
Small- and Mid-Sized Office,CD-7,4,27838,77.0,1217509.125,8.49,114,0,1,0
Distribution Center,CD-1,2,28368,,1856230.625,30.02,45,1,1,0
Other,CD-5,2,92080,,5155090.5,127.1,52,1,1,0
Other,CD-5,1,20236,,1965182.25,49.58,55,1,1,0
Small- and Mid-Sized Office,CD-5,2,39815,62.0,2050600.75,40.22,65,1,1,0
Other,CD-5,4,25557,,2280352.5,15.9,46,0,1,0
Other,CD-5,2,26994,,3076813.25,122.73,58,1,1,0
Warehouse,CD-5,1,48112,73.0,1485945.875,10.36,44,0,1,0
Other,CD-5,1,20909,,1208029.25,32.86,7,1,1,0
Small- and Mid-Sized Office,CD-5,2,42793,27.0,1772188.5,12.35,15,0,1,0
Other,CD-5,2,45000,,5912066.0,176.79,9,1,1,0
Retail Store,CD-5,1,26115,43.0,1689372.625,36.74,18,1,1,0
Worship Facility,CD-4,1,26033,78.0,1149140.25,45.33,67,1,1,0
K-12 School,CD-7,4,48660,82.0,1881516.125,61.98,9,1,1,0
Senior Care Community,CD-7,2,46539,73.0,5400049.5,180.38,46,1,1,0
Residence Hall,CD-7,4,29796,47.0,2233262.0,79.58,107,1,1,0
Retail Store,CD-7,2,26400,36.0,983595.875,17.12,96,1,1,0
Small- and Mid-Sized Office,CD-7,3,38148,98.0,1262255.75,8.8,98,0,1,0
Mixed Use Property,CD-7,2,28800,,456953.0,12.77,88,1,1,0
Worship Facility,CD-7,5,31945,4.0,1806468.0,12.59,61,0,1,0
Small- and Mid-Sized Office,CD-7,5,85963,43.0,4480961.0,31.24,31,0,1,0
Retail Store,CD-7,4,34680,92.0,1169948.875,26.38,116,1,1,0
Worship Facility,CD-7,3,75058,24.0,5587347.0,247.97,48,1,1,0
Retail Store,CD-7,1,36504,2.0,2100982.75,20.76,101,1,1,0
Small- and Mid-Sized Office,CD-7,6,35200,8.0,2998208.25,20.9,109,0,1,0
Small- and Mid-Sized Office,CD-7,5,35840,83.0,1538750.625,48.35,109,1,1,0
Other,CD-7,2,25920,60.0,1333432.125,9.3,75,0,1,0
Small- and Mid-Sized Office,CD-7,4,30525,17.0,2883139.0,73.61,88,0,1,1
Other,CD-7,4,49243,,8476183.0,101.34,52,1,1,0
Other,CD-3,3,20411,,2014475.875,71.23,104,1,1,0
Medical Office,CD-3,2,30855,2.0,2946756.25,85.55,54,1,1,0
Small- and Mid-Sized Office,CD-3,3,73549,90.0,2828950.5,107.45,106,1,1,0
Other,CD-3,5,45780,,10834087.0,462.4,28,1,1,1
Medical Office,CD-3,3,39115,42.0,3735308.5,60.04,53,1,1,0
Other,CD-7,3,38038,,1107290.625,55.61,100,0,1,1
Worship Facility,CD-7,3,37796,55.0,2465983.5,123.41,54,1,1,1
Small- and Mid-Sized Office,CD-6,1,27744,,5355753.0,37.34,23,0,1,0
Warehouse,CD-6,1,36444,80.0,161311.0938,1.12,56,0,1,0
Warehouse,CD-6,1,27553,63.0,966677.125,31.61,66,1,1,0
Distribution Center,CD-6,1,57310,,1253745.5,34.87,65,1,1,0
Mixed Use Property,CD-7,2,25920,,989079.5,16.57,96,1,1,0
Restaurant,CD-7,3,40686,,2106073.5,73.0,97,1,1,0
Retail Store,CD-7,2,45271,57.0,2553763.5,82.72,52,1,1,0
Small- and Mid-Sized Office,CD-7,3,28380,62.0,1372213.375,35.77,96,1,1,0
Large Office,CD-7,5,508160,77.0,28053172.0,487.53,7,1,1,0
Small- and Mid-Sized Office,CD-7,3,26176,95.0,966907.375,32.09,90,1,1,0
Small- and Mid-Sized Office,CD-3,1,37740,1.0,7442314.5,73.48,90,1,1,0
Other,CD-7,1,26000,,5277482.5,184.09,55,0,1,1
Worship Facility,CD-7,3,23241,66.0,739210.5,20.64,7,1,1,0
Other,CD-7,1,155795,,17673018.0,255.83,54,1,1,0
Other,CD-7,1,21018,,1761137.5,24.62,14,0,1,1
Other,CD-7,1,30533,,5903015.0,192.12,18,1,1,0
Other,CD-7,2,33971,,17686444.0,523.95,55,1,1,0
Other,CD-7,2,40600,,2485521.0,41.06,24,1,1,1
Small- and Mid-Sized Office,CD-7,4,38038,84.0,2003807.75,13.97,17,0,1,0
Small- and Mid-Sized Office,CD-7,4,64596,92.0,2524228.25,77.8,9,1,1,0
Small- and Mid-Sized Office,CD-7,3,41466,1.0,9190442.0,234.03,88,1,1,0
Large Office,CD-7,6,130710,92.0,7429423.0,86.51,3,1,1,0
Small- and Mid-Sized Office,CD-7,4,35780,77.0,1912760.75,13.33,90,0,1,0
Mixed Use Property,CD-7,4,25132,41.0,564754.1875,3.94,52,0,1,0
Other,CD-7,1,49680,,2844685.0,119.34,50,0,1,1
Other,CD-7,1,36314,,1832808.75,44.33,54,1,1,1
Other,CD-7,2,25920,,1257774.625,8.77,100,0,1,0
Small- and Mid-Sized Office,CD-7,4,47686,72.0,2071670.25,77.48,97,0,1,1
Small- and Mid-Sized Office,CD-7,6,40715,,2827772.75,44.89,101,1,1,0
Mixed Use Property,CD-7,4,82065,91.0,1717130.875,11.97,26,0,1,0
Small- and Mid-Sized Office,CD-7,4,36160,47.0,1862176.875,12.98,106,0,1,0
Mixed Use Property,CD-7,1,34617,,5136604.5,143.34,98,1,1,0
Small- and Mid-Sized Office,CD-7,5,66900,100.0,1634178.25,14.13,107,1,1,0
Mixed Use Property,CD-7,3,29340,,2160420.0,75.99,106,1,1,0
Other,CD-7,2,22710,,287763.5,2.01,86,0,1,0
Small- and Mid-Sized Office,CD-4,3,50499,13.0,3205182.5,22.46,16,1,1,0
Small- and Mid-Sized Office,CD-4,5,54465,68.0,3600571.25,41.22,52,1,1,0
K-12 School,CD-3,2,45960,56.0,4167253.75,182.81,86,1,1,0
Small- and Mid-Sized Office,CD-7,2,21128,97.0,436604.0938,3.04,57,0,1,0
Mixed Use Property,CD-7,4,274442,,9155568.0,220.26,8,1,1,0
Small- and Mid-Sized Office,CD-7,3,51552,,1539066.375,10.73,3,0,1,0
Hotel,CD-7,4,38520,37.0,2804534.0,75.25,57,1,1,0
Hotel,CD-7,3,29186,95.0,867184.375,30.22,55,1,1,0
Worship Facility,CD-7,1,27338,56.0,581289.0,4.05,56,0,1,0
Other,CD-3,2,85750,,2045592.0,77.76,17,1,1,0
Laboratory,CD-7,2,34416,,12015936.0,422.45,54,1,1,0
Small- and Mid-Sized Office,CD-7,3,45864,94.0,2590622.0,115.43,86,1,1,0
K-12 School,CD-5,2,49252,23.0,3485865.5,104.91,17,1,1,0
Small- and Mid-Sized Office,CD-4,3,33176,89.0,1426279.5,35.96,29,1,1,0
Retail Store,CD-4,3,25194,,1878742.875,55.95,23,1,1,0
Worship Facility,CD-2,99,21948,80.0,326001.1875,2.27,39,0,1,0
Other,CD-3,3,31191,,5876439.0,167.98,89,1,1,0
Other,CD-5,1,37377,,3040978.0,111.73,69,1,1,0
Warehouse,CD-2,1,29380,33.0,856088.625,5.97,39,0,1,0
Worship Facility,CD-3,2,22688,87.0,331675.0,7.07,94,1,1,0
Other,CD-2,2,22364,,1467029.75,54.44,54,1,1,0
Small- and Mid-Sized Office,CD-2,2,41262,84.0,1903455.875,13.27,34,0,1,0
Small- and Mid-Sized Office,CD-7,2,43183,,7408342.0,92.45,63,1,1,0
Worship Facility,CD-4,3,45680,79.0,2077039.375,86.81,108,1,1,0
Senior Care Community,CD-7,14,724148,8.0,37797084.0,913.07,10,1,1,0
Worship Facility,CD-1,1,23562,96.0,531737.1875,3.71,59,0,1,0
Small- and Mid-Sized Office,CD-6,4,28844,,910718.6875,6.35,17,0,1,0
Warehouse,CD-2,1,21101,,675772.875,27.97,27,1,1,0
Refrigerated Warehouse,CD-2,2,45594,75.0,1351267.875,9.42,102,0,1,0
Other,CD-2,1,26660,,2241280.5,15.62,66,0,1,0
Warehouse,CD-2,1,28126,44.0,870625.8125,18.63,41,1,1,0
Warehouse,CD-2,1,35000,53.0,378714.4063,2.64,52,0,1,0
Warehouse,CD-2,1,26150,6.0,1208407.625,26.55,54,1,1,0
Small- and Mid-Sized Office,CD-2,2,24000,73.0,1088556.25,7.59,49,0,1,0
K-12 School,CD-3,5,43594,38.0,2478045.5,73.26,48,1,1,0
Distribution Center,CD-4,1,28080,,794724.625,18.54,104,1,1,0
Senior Care Community,CD-5,2,51298,85.0,5655578.0,203.73,62,1,1,0
Worship Facility,CD-5,1,22047,100.0,265774.9063,1.85,54,0,1,0
Warehouse,CD-1,1,31600,3.0,3363535.5,103.28,37,1,1,0
Warehouse,CD-1,1,35289,63.0,876425.0,23.9,9,1,1,0
Warehouse,CD-1,1,28920,50.0,1750419.0,80.09,35,1,1,0
Warehouse,CD-1,1,22176,60.0,736428.625,32.77,38,1,1,0
Small- and Mid-Sized Office,CD-5,3,39927,38.0,3568419.5,24.88,42,0,1,0
Other,CD-5,1,30610,,4294550.0,135.81,37,1,1,0
Medical Office,CD-5,2,26930,64.0,1002995.0,6.99,36,0,1,0
Medical Office,CD-5,2,38745,76.0,2890379.0,49.62,48,1,1,0
Self-Storage Facility,CD-4,2,20296,,855665.125,5.97,57,0,1,0
Mixed Use Property,CD-4,2,22135,,1261634.5,27.41,71,1,1,0
Medical Office,CD-4,3,38378,86.0,1645605.125,53.73,49,1,1,0
Warehouse,CD-4,2,33576,64.0,1275231.75,49.73,36,1,1,0
Supermarket / Grocery Store,CD-4,1,33005,21.0,10642754.0,225.67,41,1,1,0
Other,CD-3,1,20971,,729397.1875,5.08,35,0,1,0
Small- and Mid-Sized Office,CD-7,3,23910,,873577.3125,15.11,89,1,1,0
Worship Facility,CD-6,2,21765,80.0,431390.4063,17.38,106,1,1,0
Worship Facility,CD-3,2,26560,1.0,1751483.875,64.88,115,1,1,0
Warehouse,CD-4,2,20140,49.0,116486.6016,0.81,59,0,1,0
Retail Store,CD-2,2,38845,82.0,6917280.0,215.56,24,1,1,0
Supermarket / Grocery Store,CD-2,1,26092,40.0,7619445.0,173.75,63,1,1,0
Small- and Mid-Sized Office,CD-2,1,25500,98.0,1213869.75,55.3,49,1,1,0
Warehouse,CD-2,1,41895,,1242311.5,25.09,55,1,1,0
Retail Store,CD-2,2,56193,,2497942.75,46.9,58,1,1,0
K-12 School,CD-6,3,35448,97.0,1379932.5,60.34,94,1,1,0
Supermarket / Grocery Store,CD-6,1,29214,8.0,9336239.0,208.53,50,1,1,0
Supermarket / Grocery Store,CD-6,1,89103,34.0,14029480.0,384.85,16,1,1,0
Other,CD-6,1,32000,,1331122.125,45.38,55,1,1,0
Mixed Use Property,CD-6,2,31140,,935580.3125,38.86,106,1,1,0
Warehouse,CD-6,3,41478,3.0,3035962.25,78.22,41,1,1,0
Warehouse,CD-6,1,39840,2.0,752104.0,5.24,36,0,1,0
Other,CD-6,1,30576,,1533245.75,38.52,12,1,1,0
Other,CD-6,2,21528,,306911.0938,6.61,92,1,1,0
Other,CD-6,2,30000,,1094940.75,13.14,88,1,1,0
Other,CD-6,2,30087,,5274642.0,36.77,74,0,1,0
Worship Facility,CD-6,1,40445,92.0,786253.6875,29.24,41,1,1,0
Retail Store,CD-6,1,23500,53.0,1137967.5,13.29,20,1,1,0
Retail Store,CD-6,1,22420,82.0,1404253.75,31.79,49,1,1,0
Supermarket / Grocery Store,CD-7,1,25842,35.0,8518313.0,237.54,55,1,1,0
Small- and Mid-Sized Office,CD-7,3,26389,,1208035.375,8.42,24,0,1,0
Small- and Mid-Sized Office,CD-7,3,25859,88.0,858780.625,14.9,34,1,1,0
Warehouse,CD-7,1,25600,1.0,1730600.625,34.26,42,1,1,0
Other,CD-7,1,23169,,222255.9063,1.55,51,0,1,0
Small- and Mid-Sized Office,CD-7,4,41784,89.0,1294615.25,9.03,8,0,1,0
Warehouse,CD-7,1,56884,71.0,1388345.125,37.49,56,1,1,0
Retail Store,CD-6,1,32810,66.0,2017967.75,46.44,27,1,1,0
Self-Storage Facility,CD-7,3,30989,,97690.39844,0.68,36,0,1,0
Self-Storage Facility,CD-7,3,39952,,57133.19922,0.4,101,0,1,0
Small- and Mid-Sized Office,CD-7,2,20022,80.0,657385.8125,4.58,55,0,1,0
Distribution Center,CD-7,2,36498,89.0,520011.8125,14.81,56,1,1,0
Distribution Center,CD-7,1,35946,,469499.8125,11.08,48,1,1,0
Small- and Mid-Sized Office,CD-7,4,30152,96.0,845044.125,5.94,9,1,1,0
Small- and Mid-Sized Office,CD-7,4,22365,71.0,727385.8125,5.07,37,0,1,0
Small- and Mid-Sized Office,CD-7,4,30172,82.0,904059.875,6.3,22,0,1,0
Warehouse,CD-6,4,42500,100.0,241478.5938,1.68,89,0,1,0
Small- and Mid-Sized Office,CD-6,4,23032,,1121537.75,7.82,115,0,1,0
Other,CD-6,3,45750,,7240274.0,303.81,116,1,1,0
Small- and Mid-Sized Office,CD-6,2,23500,26.0,1686405.0,34.52,48,1,1,0
Small- and Mid-Sized Office,CD-6,1,22282,93.0,579888.3125,16.67,50,1,1,0
Self-Storage Facility,CD-6,2,24000,,502898.6875,17.39,114,1,1,0
Mixed Use Property,CD-6,3,27085,,1995131.75,60.67,107,1,1,0
Other,CD-5,2,29258,,8086943.5,309.14,20,1,1,0
Small- and Mid-Sized Office,CD-5,2,37500,58.0,2235765.5,44.26,85,1,1,0
K-12 School,CD-5,3,23983,61.0,1164364.75,33.28,86,1,1,0
Distribution Center,CD-1,1,24100,22.0,809870.8125,30.49,36,1,1,0
K-12 School,CD-4,2,31343,5.0,3846501.25,128.66,12,1,1,0
Mixed Use Property,CD-6,3,55912,,2450442.75,17.08,20,0,1,0
Other,CD-7,2,20294,,1735995.75,67.45,59,1,1,0
Small- and Mid-Sized Office,CD-7,4,40571,64.0,1286817.375,8.97,33,0,1,0
Small- and Mid-Sized Office,CD-7,4,41707,78.0,1755788.5,12.24,33,0,1,0
Mixed Use Property,CD-7,2,57644,,2189735.0,42.87,56,1,1,0
Warehouse,CD-7,2,39497,9.0,1700057.375,28.28,61,1,1,0
Other,CD-3,1,33087,,3548858.25,121.9,84,1,1,0
Small- and Mid-Sized Office,CD-5,2,27574,73.0,1211349.25,8.44,34,0,1,0
Senior Care Community,CD-5,5,43661,4.0,3936421.5,82.57,18,1,1,0
Small- and Mid-Sized Office,CD-5,3,76105,91.0,2472350.25,17.24,29,0,1,0
Mixed Use Property,CD-5,2,32009,,1998725.25,44.28,64,1,1,0
Medical Office,CD-5,3,28841,55.0,1459199.75,33.42,28,1,1,0
Self-Storage Facility,CD-5,2,33344,,123767.2031,0.86,39,0,1,0
Other,CD-5,1,30498,,2436063.0,80.19,11,1,1,0
K-12 School,CD-1,2,42975,92.0,959352.0,42.96,92,1,1,0
Other,CD-1,1,23260,,1612105.75,52.41,53,1,1,0
Small- and Mid-Sized Office,CD-1,2,30659,88.0,2619088.5,55.85,28,1,1,0
Other,CD-7,2,27144,,1012024.313,32.58,96,1,1,0
Other,CD-5,1,23166,,3475804.25,184.6,46,1,1,0
Medical Office,CD-5,2,34759,81.0,1633105.375,11.39,37,0,1,0
Hospital,CD-5,1,415632,85.0,98960776.0,3278.11,50,1,1,0
Worship Facility,CD-5,2,44719,,1614026.25,53.21,51,1,1,0
Supermarket / Grocery Store,CD-2,1,21603,16.0,5833800.0,129.89,51,1,1,0
Medical Office,CD-3,3,591981,60.0,102673696.0,3238.24,52,1,1,0
Distribution Center,CD-1,1,42900,53.0,436252.5,3.04,37,0,1,0
Other,CD-1,1,26232,,3094090.0,122.71,45,1,1,0
Warehouse,CD-3,2,25840,92.0,313528.0938,2.19,60,0,1,0
Small- and Mid-Sized Office,CD-2,1,45145,,1268459.0,43.63,28,1,1,0
Small- and Mid-Sized Office,CD-3,5,70332,89.0,1981115.25,19.12,15,1,1,0
Supermarket / Grocery Store,CD-6,1,45522,22.0,12250422.0,326.74,22,1,1,0
Retail Store,CD-5,2,20088,,326778.6875,2.28,37,0,1,0
Small- and Mid-Sized Office,CD-1,2,40657,57.0,2826828.0,23.6,19,1,1,0
Warehouse,CD-1,1,20200,,269016.6875,2.25,116,1,1,0
Residence Hall,CD-3,1,44086,29.0,3652708.75,184.0,112,1,1,1
Small- and Mid-Sized Office,CD-3,7,54372,94.0,1403820.0,9.79,46,0,1,0
Other,CD-3,1,47699,,14524386.0,712.39,65,1,1,1
Medical Office,CD-3,0,274568,52.0,25311526.0,1110.07,71,0,1,1
Small- and Mid-Sized Office,CD-3,3,21282,69.0,1245923.75,62.23,60,0,1,1
Other,CD-2,2,41022,,3787648.25,26.41,95,0,1,0
Other,CD-1,2,28109,,3612526.75,38.39,50,1,1,0
Small- and Mid-Sized Office,CD-5,3,33580,100.0,409578.4063,2.86,31,0,1,0
Warehouse,CD-5,1,21936,100.0,113130.0,2.69,39,1,1,0
Other,CD-5,1,30160,,1045838.5,44.26,47,1,1,0
Mixed Use Property,CD-7,11,111137,,9546165.0,294.65,107,1,1,0
Other,CD-1,1,40189,,1509292.0,37.65,19,1,1,0
Small- and Mid-Sized Office,CD-1,2,66484,69.0,3046543.0,21.24,28,0,1,0
Small- and Mid-Sized Office,CD-3,3,25151,85.0,1356874.75,62.05,57,0,1,1
Hotel,CD-3,6,35770,56.0,2640980.25,112.34,88,1,1,0
Hotel,CD-3,9,48006,85.0,3239754.0,101.31,88,1,1,0
Mixed Use Property,CD-2,2,29631,,5144392.0,146.93,56,1,1,0
Small- and Mid-Sized Office,CD-2,2,23472,,1625308.625,46.45,27,1,1,0
Small- and Mid-Sized Office,CD-2,2,21315,34.0,2796425.0,110.66,43,1,1,0
Small- and Mid-Sized Office,CD-7,4,57110,69.0,2190460.0,24.31,32,1,1,0
Small- and Mid-Sized Office,CD-7,3,34030,50.0,1748629.875,22.26,37,1,1,0
Restaurant,CD-1,2,20398,,9313513.0,334.15,114,1,1,0
Distribution Center,CD-2,1,41308,7.0,1642471.5,38.57,64,1,1,0
Mixed Use Property,CD-7,3,43878,,769771.3125,5.37,103,0,1,0
Other,CD-7,3,34976,,873711.125,15.7,104,1,1,0
Warehouse,CD-7,1,38255,12.0,985401.8125,33.8,59,1,1,0
Small- and Mid-Sized Office,CD-6,3,48924,71.0,2282551.25,59.24,27,1,1,0
Small- and Mid-Sized Office,CD-4,4,50333,88.0,1602084.375,11.17,57,0,1,0
Small- and Mid-Sized Office,CD-4,4,57432,,2520483.25,17.57,30,0,1,0
Small- and Mid-Sized Office,CD-4,3,25912,,666740.3125,4.65,47,0,1,0
Small- and Mid-Sized Office,CD-4,3,57132,73.0,1994967.75,13.91,16,0,1,0
Worship Facility,CD-1,2,24224,52.0,968026.3125,26.73,59,1,1,0
Worship Facility,CD-1,1,23706,78.0,400770.9063,13.12,53,1,1,0
Warehouse,CD-2,1,31900,,1964681.25,13.7,53,0,1,0
Other,CD-1,1,49066,,3835202.0,178.86,99,1,1,0
Worship Facility,CD-1,3,30740,,1686262.25,61.3,64,1,1,0
Supermarket / Grocery Store,CD-2,1,67450,97.0,2842819.5,55.86,57,1,1,0
Warehouse,CD-7,1,46970,,882896.5,6.16,68,0,1,0
Warehouse,CD-7,1,47554,,1035554.688,16.04,85,1,1,0
Small- and Mid-Sized Office,CD-7,2,43016,100.0,1234095.5,60.57,37,1,1,0
Mixed Use Property,CD-7,1,24196,,1055033.0,22.29,85,1,1,0
Small- and Mid-Sized Office,CD-7,2,20671,98.0,638507.125,24.76,76,1,1,0
Warehouse,CD-2,1,21600,57.0,499828.5938,14.36,89,1,1,0
Worship Facility,CD-1,1,35844,14.0,866126.375,6.04,39,0,1,0
Small- and Mid-Sized Office,CD-4,3,31774,85.0,1639136.25,18.87,100,1,1,0
Warehouse,CD-2,1,26094,19.0,709990.8125,4.95,63,0,1,0
Small- and Mid-Sized Office,CD-2,2,23687,68.0,1084553.75,7.56,33,0,1,0
Small- and Mid-Sized Office,CD-2,2,24221,20.0,1435562.75,10.01,33,0,1,0
Mixed Use Property,CD-7,2,71919,37.0,5381105.0,37.51,116,0,1,0
Small- and Mid-Sized Office,CD-7,2,32027,54.0,3999505.25,128.41,116,1,1,0
Small- and Mid-Sized Office,CD-7,3,32160,,2805826.0,19.56,110,0,1,0
Other,CD-2,3,47836,,3540225.75,109.59,24,1,1,0
Small- and Mid-Sized Office,CD-2,3,34425,84.0,2018385.75,50.07,102,1,1,0
Medical Office,CD-1,3,40304,5.0,1961581.5,13.67,32,0,1,0
Distribution Center,CD-1,1,29619,50.0,1280263.75,42.45,26,1,1,0
K-12 School,CD-3,2,21592,47.0,1431784.0,54.24,94,1,1,0
K-12 School,CD-5,2,23923,69.0,805643.5,19.51,85,1,1,0
Small- and Mid-Sized Office,CD-3,3,25200,47.0,1748444.25,37.08,109,1,1,0
Small- and Mid-Sized Office,CD-3,2,28296,80.0,1328461.25,9.26,53,0,1,0
Small- and Mid-Sized Office,CD-3,3,31357,55.0,1965075.625,22.48,17,1,1,0
Distribution Center,CD-2,1,160000,94.0,1157976.5,8.07,48,0,1,0
Warehouse,CD-2,1,53550,11.0,4590246.5,174.62,56,1,1,0
Warehouse,CD-2,1,38412,62.0,1628540.0,67.05,92,1,1,0
Self-Storage Facility,CD-2,1,25881,,545426.375,3.8,86,0,1,0
Small- and Mid-Sized Office,CD-2,1,24291,98.0,655422.375,19.61,63,1,1,0
Warehouse,CD-2,1,36544,5.0,1269847.75,8.85,50,0,1,0
Warehouse,CD-2,1,20796,,1324092.125,51.1,67,1,1,0
Distribution Center,CD-2,1,21349,70.0,659761.875,17.04,69,1,1,0
Warehouse,CD-2,1,38630,33.0,416885.5938,2.91,80,0,1,0
Warehouse,CD-2,1,20724,,1832031.5,83.3,66,1,1,0
Other,CD-2,1,24109,,4747403.5,33.1,56,0,1,0
Refrigerated Warehouse,CD-2,1,25375,,4069301.5,28.37,61,0,1,0
Warehouse,CD-2,1,22803,78.0,764094.5,21.5,31,1,1,0
Mixed Use Property,CD-2,1,23100,,4323672.0,157.07,31,1,1,0
Refrigerated Warehouse,CD-2,1,41550,94.0,642645.1875,4.48,65,0,1,0
Other,CD-1,2,54170,,5804784.5,178.35,22,1,1,0
K-12 School,CD-2,2,42252,49.0,2203758.5,102.35,104,1,1,0
Self-Storage Facility,CD-2,1,23100,,863703.0,13.87,61,1,1,0
Worship Facility,CD-2,3,22895,96.0,440419.1875,12.92,35,1,1,0
Self-Storage Facility,CD-5,6,48179,,797170.3125,12.22,10,1,1,0
Warehouse,CD-2,1,52325,67.0,808968.1875,18.03,79,1,1,0
Other,CD-2,4,20600,,270838.5,9.71,96,1,1,0
Retail Store,CD-2,1,25880,100.0,162960.0,1.14,72,0,1,0
Warehouse,CD-2,1,45842,99.0,819354.625,12.55,56,1,1,0
Other,CD-2,1,31365,,652991.6875,5.09,44,1,1,0
Other,CD-2,1,32100,,758008.875,25.77,106,1,1,0
Warehouse,CD-2,1,20520,20.0,1167887.75,40.85,50,1,1,0
Warehouse,CD-2,1,22972,12.0,495481.0,3.45,71,0,1,0
Warehouse,CD-2,1,24990,80.0,523614.0938,8.7,63,1,1,0
Retail Store,CD-2,2,24000,,1318947.25,40.94,65,1,1,0
Warehouse,CD-2,1,100386,,3626431.5,95.93,53,1,1,0
Distribution Center,CD-2,1,24354,10.0,735907.8125,17.29,50,1,1,0
Distribution Center,CD-2,1,33600,58.0,847419.375,15.35,57,1,1,0
Other,CD-2,1,20819,,1694930.375,51.27,42,1,1,0
Warehouse,CD-2,1,23296,,1429855.75,40.01,49,1,1,0
Mixed Use Property,CD-2,1,35222,,1758134.625,40.42,62,1,1,0
Refrigerated Warehouse,CD-2,1,25520,100.0,1610794.75,59.0,59,1,1,0
Other,CD-2,1,25460,,834711.875,5.82,64,0,1,0
Small- and Mid-Sized Office,CD-5,2,24291,87.0,920430.625,6.42,42,0,1,0
Retail Store,CD-5,2,20738,44.0,526752.8125,3.67,58,0,1,0
Mixed Use Property,CD-5,4,30948,,919746.3125,6.41,16,0,1,0
Medical Office,CD-5,2,28385,1.0,2654316.0,18.5,30,0,1,0
Warehouse,CD-2,1,21755,,844076.8125,17.51,38,1,1,0
Other,CD-2,1,27933,,6129780.0,42.73,56,0,1,0
Small- and Mid-Sized Office,CD-2,1,23143,75.0,1139980.625,38.87,33,1,1,0
Small- and Mid-Sized Office,CD-2,1,28800,73.0,2107743.75,60.12,54,1,1,0
Warehouse,CD-2,1,39600,85.0,405050.4063,2.82,64,0,1,0
Warehouse,CD-2,1,39600,91.0,468396.9063,9.25,64,1,1,0
Distribution Center,CD-2,1,41248,37.0,1108310.875,16.5,79,1,1,0
Other,CD-2,1,36400,,1567746.75,46.16,7,1,1,0
Other,CD-1,1,31332,,3573328.25,24.91,96,0,1,0
Worship Facility,CD-1,2,35864,75.0,1228113.5,43.64,68,1,1,0
Worship Facility,CD-2,1,20484,69.0,822636.625,38.38,62,1,1,0
Medical Office,CD-4,4,45264,4.0,1849331.25,12.89,32,0,1,0
Medical Office,CD-4,4,36932,,2824096.75,19.69,29,0,1,0
Other,CD-3,4,45082,,4262316.5,93.5,43,1,1,0
Worship Facility,CD-6,2,41600,58.0,1195165.25,30.99,65,1,1,0
Small- and Mid-Sized Office,CD-4,2,34110,31.0,2563985.5,17.87,56,0,1,0
Warehouse,CD-2,1,23750,,522972.1875,3.65,46,0,1,0
Warehouse,CD-2,1,43390,87.0,533742.8125,3.72,46,0,1,0
Warehouse,CD-2,1,35400,84.0,419978.6875,9.29,57,1,1,0
Distribution Center,CD-2,1,28144,19.0,858701.0,8.22,50,1,1,0
Warehouse,CD-2,3,71283,41.0,2491238.25,43.17,100,1,1,0
Warehouse,CD-2,1,23792,,2852102.75,19.88,27,0,1,0
Small- and Mid-Sized Office,CD-2,2,47368,99.0,1042652.625,7.27,37,0,1,0
Mixed Use Property,CD-2,1,46183,,1890502.5,27.92,85,1,1,0
Small- and Mid-Sized Office,CD-3,5,72613,84.0,2602213.75,41.96,32,1,1,0
Medical Office,CD-2,2,38352,36.0,2108861.75,14.7,26,0,1,0
Mixed Use Property,CD-2,1,28425,,2133797.75,57.25,21,1,1,0
Other,CD-5,3,35115,,1922953.25,31.94,7,1,1,0
Mixed Use Property,CD-5,1,66704,,600516.875,19.77,44,1,1,0
Warehouse,CD-5,1,25658,,1063960.125,18.87,47,1,1,0
Small- and Mid-Sized Office,CD-3,2,36000,95.0,1046187.625,18.04,109,1,1,0
Mixed Use Property,CD-3,1,36000,59.0,1162163.125,26.52,103,1,1,0
Warehouse,CD-3,2,43200,38.0,1929851.5,49.18,101,1,1,0
Small- and Mid-Sized Office,CD-2,4,53840,71.0,2912454.75,46.85,103,1,1,0
Retail Store,CD-2,1,43794,88.0,1164537.75,23.5,41,1,1,0
Warehouse,CD-2,1,48280,18.0,2701833.75,78.57,48,1,1,0
Distribution Center,CD-2,1,36040,,363808.1875,7.74,62,1,1,0
Supermarket / Grocery Store,CD-4,1,32822,42.0,8839812.0,219.93,51,1,1,0
Worship Facility,CD-4,2,20385,65.0,809291.8125,34.04,66,1,1,0
Worship Facility,CD-4,1,24295,53.0,216115.0,1.51,70,0,1,0
Small- and Mid-Sized Office,CD-4,2,20317,83.0,620994.3125,4.33,49,0,1,0
Supermarket / Grocery Store,CD-4,1,24377,6.0,9851260.0,260.32,43,1,1,0
Other,CD-5,1,33392,,2786648.75,19.43,30,0,1,0
Supermarket / Grocery Store,CD-5,1,45155,6.0,6674179.5,158.63,30,1,1,0
Warehouse,CD-1,1,32000,3.0,2186148.5,41.77,50,1,1,0
Warehouse,CD-1,1,44000,15.0,4302455.5,175.53,46,1,1,0
Warehouse,CD-1,1,36000,44.0,2771820.5,124.4,43,1,1,0
Warehouse,CD-1,1,31360,,1356972.25,43.18,37,1,1,0
Warehouse,CD-1,1,33320,,2339234.0,64.75,37,1,1,0
Warehouse,CD-1,1,48020,71.0,2373568.25,59.14,37,1,1,0
Warehouse,CD-1,1,27420,55.0,1176342.25,39.05,37,1,1,0
K-12 School,CD-5,2,43645,71.0,2053956.375,85.15,67,1,1,0
Retail Store,CD-5,1,26853,68.0,1399062.75,21.46,64,1,1,0
Other,CD-2,4,44775,,950695.625,29.88,107,1,1,0
Other,CD-2,1,27760,,2833624.5,112.82,100,1,1,0
Other,CD-2,1,20975,,347437.6875,6.46,79,1,1,0
Other,CD-2,1,26075,,1608508.75,17.6,98,1,1,0
Warehouse,CD-2,1,29394,60.0,1486681.75,26.27,24,1,1,0
Warehouse,CD-2,2,20400,69.0,438557.0,12.17,90,1,1,0
Small- and Mid-Sized Office,CD-2,1,20460,16.0,903541.875,6.3,90,0,1,0
Self-Storage Facility,CD-2,2,25821,,209698.7031,1.46,91,0,1,0
Refrigerated Warehouse,CD-2,2,21870,45.0,1074350.375,7.49,61,0,1,0
Warehouse,CD-2,1,51664,,3528086.75,66.77,28,1,1,0
Medical Office,CD-1,1,43615,89.0,3133849.5,106.35,46,1,1,0
Small- and Mid-Sized Office,CD-1,3,36879,26.0,1144267.5,7.98,46,0,1,0
Other,CD-1,2,28531,,3494929.5,92.7,14,1,1,0
Warehouse,CD-1,2,36600,80.0,308400.4063,2.15,34,0,1,0
Mixed Use Property,CD-1,5,35176,,1011965.375,7.05,12,0,1,0
University,CD-4,2,41293,,2839882.25,61.68,76,1,1,0
Warehouse,CD-2,1,48890,49.0,2100216.5,61.6,75,1,1,0
Small- and Mid-Sized Office,CD-2,3,43473,3.0,4416909.5,30.79,16,0,1,0
Retail Store,CD-1,1,40265,19.0,3740373.75,35.48,26,1,1,0
Retail Store,CD-1,1,26208,79.0,1608884.25,37.61,11,1,1,0
Other,CD-1,2,27227,,8054334.0,286.89,41,1,1,0
Mixed Use Property,CD-6,1,42172,,3275779.25,152.14,90,1,1,0
Small- and Mid-Sized Office,CD-2,5,32250,92.0,796042.375,11.44,106,1,1,0
Retail Store,CD-6,1,51000,95.0,1298039.875,14.17,63,1,1,0
Mixed Use Property,CD-2,1,27000,,229856.4063,1.6,100,0,1,0
Other,CD-2,2,20747,,1001964.0,17.45,81,1,1,0
Warehouse,CD-2,2,40800,,817255.875,27.83,88,1,1,0
Small- and Mid-Sized Office,CD-2,2,20150,80.0,576174.125,4.02,96,0,1,0
Small- and Mid-Sized Office,CD-2,7,36000,40.0,1682454.875,11.73,107,0,1,0
Warehouse,CD-2,2,41276,,2502081.0,96.62,78,1,1,0
Refrigerated Warehouse,CD-2,2,24430,,1232822.875,23.62,79,1,1,0
Small- and Mid-Sized Office,CD-2,1,22580,90.0,928584.875,9.65,89,1,1,0
Warehouse,CD-3,1,20000,18.0,743528.125,33.52,90,1,1,0
Warehouse,CD-3,1,42000,,2070005.625,82.07,62,1,1,0
Self-Storage Facility,CD-3,1,24248,,111969.7031,0.79,54,1,1,0
Senior Care Community,CD-5,6,244500,100.0,11019641.0,292.8,7,1,1,0
Warehouse,CD-2,1,24617,,106918.0,0.75,84,0,1,0
Other,CD-2,3,127065,,3245111.5,22.62,7,0,1,0
Retail Store,CD-2,1,37247,69.0,1748644.5,58.36,52,1,1,0
Retail Store,CD-6,1,25384,11.0,3027867.5,77.23,23,1,1,0
Small- and Mid-Sized Office,CD-2,3,49052,96.0,1441445.625,10.05,106,0,1,0
Warehouse,CD-2,2,52110,34.0,586589.1875,25.15,116,1,1,0
Small- and Mid-Sized Office,CD-2,2,39036,,1528295.75,39.25,79,1,1,0
Small- and Mid-Sized Office,CD-2,1,26310,96.0,771512.6875,14.99,93,1,1,0
Retail Store,CD-2,1,37883,88.0,12434593.0,413.1,50,1,1,0
K-12 School,CD-1,3,29874,95.0,1274049.75,54.27,54,1,1,0
Worship Facility,CD-7,1,20140,35.0,992794.6875,47.08,51,1,1,0
Self-Storage Facility,CD-6,2,71874,,1242811.75,44.97,26,1,1,0
Small- and Mid-Sized Office,CD-3,2,39953,93.0,1508561.875,28.05,45,1,1,0
Retail Store,CD-3,2,21200,15.0,1676426.5,11.69,18,0,1,0
Supermarket / Grocery Store,CD-3,1,30630,27.0,6058494.0,42.24,36,0,1,0
Retail Store,CD-3,2,23421,25.0,1896626.375,13.22,36,0,1,0
Worship Facility,CD-6,2,24120,66.0,893053.1875,31.54,88,1,1,0
Worship Facility,CD-6,3,35736,88.0,1148202.25,51.15,87,1,1,0
Warehouse,CD-2,1,51050,10.0,1206165.75,27.75,75,1,1,0
Retail Store,CD-2,2,21900,40.0,1302192.875,42.66,62,1,1,0
Distribution Center,CD-2,1,16300,100.0,150167.7969,1.6,64,1,1,0
Warehouse,CD-2,1,33462,1.0,1386445.375,9.67,52,0,1,0
Mixed Use Property,CD-2,1,35310,,1331469.75,44.68,64,1,1,0
Other,CD-2,3,36140,,4653535.0,32.44,54,0,1,0
Other,CD-3,2,47963,,8163413.0,298.91,25,1,1,0
Warehouse,CD-2,1,23903,65.0,415364.5938,14.37,86,1,1,0
Self-Storage Facility,CD-4,3,22522,,561473.875,23.52,69,1,1,0
Self-Storage Facility,CD-4,4,38959,,905750.375,23.84,20,1,1,0
Warehouse,CD-3,2,25955,,1218112.0,8.49,88,0,1,0
Worship Facility,CD-5,2,21936,96.0,608755.375,28.78,65,1,1,0
Other,CD-5,1,25406,,2442220.0,41.96,56,1,1,0
Small- and Mid-Sized Office,CD-2,2,23250,55.0,904236.0,6.3,49,0,1,0
Warehouse,CD-2,1,30000,32.0,2794837.0,120.72,56,1,1,0
Warehouse,CD-2,1,45036,,1791697.75,49.53,54,1,1,0
Mixed Use Property,CD-7,39,1074552,65.0,26416770.0,449.59,7,1,1,0
University,CD-7,2,122679,,16378152.0,588.25,57,1,1,0
Small- and Mid-Sized Office,CD-5,4,23022,78.0,1027230.875,14.64,36,1,1,0
Refrigerated Warehouse,CD-2,1,27263,,2470642.0,17.22,49,0,1,0
Warehouse,CD-2,1,31569,12.0,3064039.5,125.59,54,1,1,0
Warehouse,CD-2,1,22509,57.0,177812.7969,1.24,60,0,1,0
Warehouse,CD-2,1,39984,75.0,1073156.375,36.82,60,1,1,0
Worship Facility,CD-3,1,26440,91.0,719905.1875,27.93,110,1,1,0
Self-Storage Facility,CD-3,2,28800,,1143826.625,29.44,60,1,1,0
K-12 School,CD-3,2,28500,92.0,1162561.125,28.64,7,1,1,0
Restaurant,CD-3,2,26519,,3717064.0,97.27,38,1,1,0
Mixed Use Property,CD-3,2,34639,,15480681.0,515.71,28,1,1,0
Other,CD-7,2,26300,,3537841.5,116.94,95,1,1,0
Restaurant,CD-7,2,34072,,6584966.5,226.81,54,1,1,0
Small- and Mid-Sized Office,CD-7,3,23355,77.0,840549.375,5.86,67,0,1,0
Small- and Mid-Sized Office,CD-7,4,30840,30.0,3542708.5,101.21,51,1,1,0
Other,CD-4,1,20332,,392683.6875,10.99,70,1,1,0
Worship Facility,CD-3,1,21850,100.0,317794.4063,13.09,116,1,1,0
Mixed Use Property,CD-4,4,32282,,1391714.25,34.62,19,1,1,0
Large Office,CD-7,13,307557,,9512829.0,66.32,33,0,1,0
Self-Storage Facility,CD-7,2,28309,,430308.9063,11.85,98,1,1,0
Hotel,CD-7,4,45500,77.0,2799595.0,122.0,102,1,1,1
Small- and Mid-Sized Office,CD-7,5,38376,,2058532.875,14.35,116,0,1,0
Small- and Mid-Sized Office,CD-7,4,42804,,1544501.75,46.53,116,1,1,0
Mixed Use Property,CD-7,5,57600,,6983736.0,223.36,11,1,1,0
Small- and Mid-Sized Office,CD-7,4,33300,,1287497.375,18.76,116,1,1,0
Other,CD-7,3,22200,,188745.7031,7.05,116,1,1,0
Warehouse,CD-7,2,29498,,3768900.5,50.05,48,1,1,0
Warehouse,CD-4,1,23050,27.0,466672.6875,3.25,78,0,1,0
Small- and Mid-Sized Office,CD-4,4,48350,45.0,3168131.0,22.09,8,0,1,0
Retail Store,CD-4,1,46059,82.0,1582655.875,20.66,86,1,1,0
Medical Office,CD-4,2,23595,72.0,817409.625,6.53,46,1,1,0
Small- and Mid-Sized Office,CD-7,3,28142,96.0,847097.8125,34.08,116,1,1,1
Small- and Mid-Sized Office,CD-7,3,28760,,2615973.5,124.59,116,1,1,1
Small- and Mid-Sized Office,CD-7,4,39030,99.0,713326.875,13.69,114,1,1,0
Small- and Mid-Sized Office,CD-7,3,47215,58.0,2092696.0,63.81,107,1,1,0
Other,CD-3,2,61580,,4199443.0,69.53,90,1,1,0
Small- and Mid-Sized Office,CD-3,3,30720,,1288669.5,25.53,99,1,1,0
Mixed Use Property,CD-3,2,20640,,412562.4063,2.88,100,0,1,0
Mixed Use Property,CD-3,2,34914,,1333289.625,9.29,104,0,1,0
Small- and Mid-Sized Office,CD-3,3,20897,,964923.8125,17.79,110,1,1,0
Retail Store,CD-3,2,36940,100.0,336745.4063,2.35,100,0,1,0
Small- and Mid-Sized Office,CD-3,3,22866,,1153690.125,20.76,103,1,1,0
Retail Store,CD-3,1,30240,78.0,1264626.875,18.19,96,1,1,0
Other,CD-4,2,28586,,5078204.0,35.4,54,0,1,0
Hotel,CD-2,3,28800,,4644346.0,190.45,108,1,1,0
Restaurant,CD-2,3,28800,,899924.1875,29.21,103,1,1,0
Small- and Mid-Sized Office,CD-2,3,35202,2.0,3605755.5,25.14,37,0,1,0
Senior Care Community,CD-7,6,95117,1.0,7202141.5,183.79,47,1,1,0
Worship Facility,CD-3,2,24600,69.0,331059.5,5.66,106,1,1,0
Worship Facility,CD-3,1,48850,,1063480.5,65.05,116,1,1,1
Hospital,CD-1,3,54863,100.0,2037720.625,14.21,55,0,1,0
Warehouse,CD-2,1,25000,,1989103.875,65.89,52,1,1,0
Warehouse,CD-2,1,25000,,287132.5,8.61,56,1,1,0
Other,CD-2,1,22622,,774075.6875,26.56,89,1,1,0
Small- and Mid-Sized Office,CD-3,3,27544,94.0,1031667.5,17.41,99,1,1,0
Small- and Mid-Sized Office,CD-7,7,47415,,1478979.25,10.31,27,0,1,0
Other,CD-7,3,22960,,2266983.0,95.38,55,1,1,0
Supermarket / Grocery Store,CD-3,1,44739,17.0,14585813.0,393.07,18,1,1,0
Mixed Use Property,CD-4,1,22778,,2470566.0,120.86,68,1,1,0
Worship Facility,CD-6,2,21562,20.0,866806.0,37.28,60,1,1,0
Other,CD-3,1,25753,,1378130.25,62.51,57,1,1,0
Other,CD-3,3,71280,,22767828.0,861.85,88,1,1,0
Senior Care Community,CD-3,16,153312,51.0,20628680.0,792.6,53,1,1,0
Mixed Use Property,CD-7,19,1206670,87.0,27684480.0,393.29,7,1,1,0
Worship Facility,CD-2,1,24200,73.0,826488.6875,22.38,48,1,1,0
Residence Hall,CD-7,4,23513,,1740568.25,49.79,35,1,1,0
Self-Storage Facility,CD-1,3,66610,,640377.0,18.81,22,1,1,0
Other,CD-2,1,36000,,3646053.75,58.79,66,1,1,0
K-12 School,CD-5,2,23222,62.0,1219863.125,55.06,78,1,1,0
Mixed Use Property,CD-3,2,24476,,2662054.25,91.69,92,1,1,0
Retail Store,CD-3,2,24750,,782343.8125,28.07,106,1,1,0
K-12 School,CD-3,3,60000,52.0,3625407.5,121.63,112,1,1,0
Other,CD-3,2,46560,,690557.6875,17.31,62,1,1,0
Other,CD-7,3,30408,61.0,1440554.25,10.04,36,0,1,0
Small- and Mid-Sized Office,CD-7,3,30109,89.0,1465795.75,34.03,96,1,1,0
Small- and Mid-Sized Office,CD-7,2,25481,92.0,917100.3125,38.59,56,1,1,0
Senior Care Community,CD-2,1,141297,76.0,19423344.0,717.93,49,1,1,0
Small- and Mid-Sized Office,CD-7,2,27788,73.0,2119806.25,35.99,104,1,1,0
Hotel,CD-5,4,41704,73.0,1943899.25,58.52,26,1,1,0
Warehouse,CD-2,2,22324,53.0,588856.125,22.33,75,1,1,0
Other,CD-2,2,31360,,1725108.25,39.65,70,1,1,0
Mixed Use Property,CD-2,1,30496,,1992158.25,46.01,69,1,1,0
Small- and Mid-Sized Office,CD-3,3,27600,84.0,1072151.375,12.57,94,1,1,0
Senior Care Community,CD-6,2,55974,98.0,6135173.0,203.21,55,1,1,0
Senior Care Community,CD-5,1,22583,95.0,1981360.0,70.92,62,1,1,0
Small- and Mid-Sized Office,CD-4,3,31686,35.0,2305643.5,16.07,19,0,1,0
Small- and Mid-Sized Office,CD-4,3,26694,92.0,720170.6875,5.02,35,0,1,0
Warehouse,CD-5,1,29400,69.0,227509.5,1.59,44,0,1,0
Hotel,CD-2,3,22452,85.0,1244150.0,41.88,24,1,1,0
Other,CD-4,2,25767,22.0,1581352.75,11.02,104,0,1,0
Retail Store,CD-4,4,33910,75.0,1822834.25,38.21,63,1,1,0
Worship Facility,CD-4,2,78401,,2462408.25,87.41,89,1,1,0
Warehouse,CD-4,2,78716,38.0,4103800.75,48.13,37,1,1,0
K-12 School,CD-4,2,33300,92.0,1594733.625,69.2,106,1,1,0
Supermarket / Grocery Store,CD-4,1,28808,29.0,9232576.0,226.73,59,1,1,0
Small- and Mid-Sized Office,CD-4,1,27966,58.0,1100499.75,7.67,59,0,1,0
Supermarket / Grocery Store,CD-4,1,26226,37.0,7588060.5,156.18,66,1,1,0
Mixed Use Property,CD-4,2,34948,17.0,1159807.125,8.09,40,0,1,0
Small- and Mid-Sized Office,CD-4,3,37639,,6197824.5,43.21,18,0,1,0
Other,CD-7,1,21420,,810636.875,9.72,116,1,1,0
Small- and Mid-Sized Office,CD-7,1,20880,94.0,683274.0,4.76,116,0,1,0
Mixed Use Property,CD-7,3,26000,,1063035.875,18.62,50,1,1,0
Small- and Mid-Sized Office,CD-7,3,38675,,1938776.75,43.91,116,1,1,0
Small- and Mid-Sized Office,CD-7,4,49951,,5134446.0,185.33,87,1,1,1
Medical Office,CD-2,2,25880,8.0,1941728.75,19.81,6,1,1,0
Worship Facility,CD-4,3,41013,,1080821.0,37.43,89,1,1,0
Other,CD-4,2,21075,,1581036.75,53.88,12,1,1,0
Worship Facility,CD-4,3,46485,83.0,1544995.75,47.03,66,1,1,0
Small- and Mid-Sized Office,CD-6,4,56896,96.0,1402048.5,28.46,51,1,1,0
Worship Facility,CD-6,2,27500,60.0,577123.125,14.79,38,1,1,0
Small- and Mid-Sized Office,CD-2,2,36630,90.0,541943.3125,3.78,86,0,1,0
Small- and Mid-Sized Office,CD-7,3,26830,,2099386.75,60.93,116,1,1,0
Small- and Mid-Sized Office,CD-7,5,41920,95.0,1103594.75,7.69,110,0,1,0
Small- and Mid-Sized Office,CD-7,5,36879,92.0,1537570.25,26.94,111,1,1,0
Other,CD-7,6,29820,,1601955.625,35.72,112,1,1,0
Small- and Mid-Sized Office,CD-7,2,33640,70.0,1078535.75,7.52,111,0,1,0
Warehouse,CD-7,4,43484,18.0,1567040.75,10.92,110,0,1,0
Mixed Use Property,CD-2,3,22480,,981009.125,6.84,116,0,1,0
Hotel,CD-2,4,33018,49.0,4857581.5,173.67,91,1,1,0
Small- and Mid-Sized Office,CD-2,2,26510,91.0,987063.6875,11.18,46,1,1,0
Warehouse,CD-4,1,40028,80.0,942415.1875,6.76,78,1,1,0
Small- and Mid-Sized Office,CD-4,3,44510,23.0,2188051.25,15.25,9,0,1,0
Worship Facility,CD-5,1,21624,90.0,666687.5,20.96,62,1,1,0
Small- and Mid-Sized Office,CD-2,3,21600,,1539176.625,32.42,23,1,1,0
Mixed Use Property,CD-2,3,20620,,747456.875,20.78,107,1,1,0
Hotel,CD-2,5,40552,99.0,1200180.875,53.25,106,1,1,0
Small- and Mid-Sized Office,CD-2,3,31432,,1439572.375,10.04,107,0,1,0
Retail Store,CD-2,2,24550,100.0,977230.3125,6.73,99,1,1,0
Other,CD-3,3,25864,,1028277.313,34.61,108,1,1,0
Other,CD-4,3,20686,,1207504.0,42.71,92,1,1,0
Residence Hall,CD-4,3,22124,82.0,637685.0,4.45,87,0,1,0
Residence Hall,CD-4,3,27487,82.0,1594504.875,65.95,90,1,1,0
Residence Hall,CD-4,4,23616,55.0,1656420.25,53.65,90,1,1,0
Residence Hall,CD-4,3,33448,78.0,998633.5,6.96,40,0,1,0
Mixed Use Property,CD-2,2,29508,,2217620.0,81.24,11,1,1,0
Senior Care Community,CD-3,2,74840,48.0,8268496.5,249.46,29,1,1,0
Other,CD-3,3,20992,,2473302.0,104.74,103,1,1,0
K-12 School,CD-3,2,22344,40.0,1522596.75,55.23,91,1,1,0
University,CD-3,3,31900,,2466100.0,96.2,95,1,1,0
Other,CD-6,2,29417,,1631479.125,56.25,66,1,1,0
Mixed Use Property,CD-2,3,49299,,4729846.5,9.23,107,0,1,0
Supermarket / Grocery Store,CD-1,1,31841,,13140574.0,404.21,19,1,1,0
Mixed Use Property,CD-3,2,21036,,2735811.5,78.36,28,1,1,0
Mixed Use Property,CD-4,2,32928,9.0,5652231.0,39.4,17,0,1,0
Warehouse,CD-2,1,44476,33.0,1368120.5,29.7,56,1,1,0
Small- and Mid-Sized Office,CD-2,1,35017,66.0,1295485.25,27.06,47,1,1,0
Residence Hall,CD-4,3,29084,66.0,1632498.625,60.83,66,1,1,0
Worship Facility,CD-3,2,22952,98.0,470666.6875,19.28,53,1,1,0
Warehouse,CD-2,1,21040,43.0,592088.125,19.14,40,1,1,0
Warehouse,CD-2,2,28032,52.0,1321065.0,46.61,65,1,1,0
Distribution Center,CD-2,1,25620,82.0,550324.1875,20.46,42,1,1,0
Warehouse,CD-2,3,33238,14.0,1632472.0,11.38,24,0,1,0
K-12 School,CD-3,4,27800,8.0,1181428.75,38.36,104,1,1,0
Large Office,CD-7,6,706176,82.0,13270687.0,92.52,16,0,1,0
Supermarket / Grocery Store,CD-1,1,33706,22.0,8687690.0,206.33,18,1,1,0
Mixed Use Property,CD-7,2,37600,,2171751.5,93.55,55,1,1,0
Other,CD-3,3,33708,,786324.0,19.61,104,1,1,1
Other,CD-5,2,47237,,5981430.0,41.7,68,0,1,0
Supermarket / Grocery Store,CD-4,1,76585,18.0,13906080.0,364.27,19,1,1,0
Worship Facility,CD-4,3,26373,75.0,964236.0,38.18,78,1,1,0
Small- and Mid-Sized Office,CD-3,2,75868,,3605749.75,25.14,60,0,1,0
Mixed Use Property,CD-3,2,21656,,1607972.25,51.89,69,1,1,0
Distribution Center,CD-7,3,23040,,421430.0,2.94,95,0,1,0
Other,CD-7,2,36771,,5447076.5,37.97,60,0,1,0
Warehouse,CD-1,1,24024,,375773.5938,2.62,39,0,1,0
Warehouse,CD-1,1,42420,34.0,965425.1875,29.39,63,1,1,0
Distribution Center,CD-1,1,36982,,374753.8125,6.88,37,1,1,0
Warehouse,CD-1,2,23400,,439266.9063,3.06,52,0,1,0
Other,CD-7,2,30720,,1683064.25,67.15,68,1,1,0
Warehouse,CD-2,1,23232,,127374.0,0.89,44,0,1,0
Warehouse,CD-2,1,35046,100.0,1063269.125,17.65,42,1,1,0
Refrigerated Warehouse,CD-2,1,25577,,895784.6875,14.19,55,1,1,0
Warehouse,CD-2,1,43380,89.0,405062.0,2.82,42,0,1,0
Small- and Mid-Sized Office,CD-4,3,20410,8.0,2720238.25,77.84,21,1,1,0
Small- and Mid-Sized Office,CD-5,3,24696,87.0,624125.625,4.35,33,0,1,0
Worship Facility,CD-5,1,24955,47.0,689803.0,21.87,14,1,1,0
Other,CD-3,3,34074,,8521989.0,286.33,25,1,1,0
Hotel,CD-7,10,392552,23.0,17457560.0,423.57,10,1,1,0
Worship Facility,CD-5,2,76475,,1765813.625,67.33,55,1,1,0
K-12 School,CD-5,2,32961,86.0,1573155.0,62.94,28,1,1,0
Other,CD-6,1,27376,,1082920.125,26.67,12,1,1,0
Other,CD-3,3,25200,,1242666.25,53.02,105,1,1,0
Supermarket / Grocery Store,CD-5,1,44755,56.0,11521140.0,338.58,20,1,1,0
Other,CD-3,2,22320,,209644.9063,4.8,109,1,1,0
Mixed Use Property,CD-3,3,24000,,932083.5,9.09,104,1,1,0
Small- and Mid-Sized Office,CD-3,3,23422,65.0,2701872.0,128.07,96,1,1,0
Other,CD-3,2,38879,,3371659.75,28.79,41,1,1,0
Mixed Use Property,CD-3,5,53034,93.0,3392129.0,83.65,18,1,1,0
Warehouse,CD-3,2,23040,99.0,79711.79688,0.87,96,1,1,0
Warehouse,CD-3,2,61880,66.0,595936.5,4.15,58,0,1,0
Small- and Mid-Sized Office,CD-3,2,27938,97.0,1027394.313,7.31,91,1,1,0
Other,CD-4,2,21600,,1623657.0,11.32,92,0,1,0
Other,CD-4,3,27908,,2028125.625,63.22,87,1,1,0
Retail Store,CD-2,3,54969,67.0,3724098.25,39.31,16,1,1,0
K-12 School,CD-3,2,36825,,1755072.75,51.14,65,1,1,0
Small- and Mid-Sized Office,CD-3,3,25834,73.0,2076289.625,54.02,58,1,1,0
Worship Facility,CD-3,1,37700,38.0,3481727.5,150.23,87,1,1,0
Mixed Use Property,CD-3,6,97229,100.0,1021754.688,7.12,12,0,1,0
Small- and Mid-Sized Office,CD-5,3,25111,77.0,954352.6875,24.97,34,1,1,0
Worship Facility,CD-7,2,31805,10.0,1641667.0,68.39,63,1,1,0
K-12 School,CD-7,1,20811,95.0,1267348.5,43.97,63,1,1,0
Warehouse,CD-2,2,22058,1.0,1987334.75,66.43,49,1,1,0
Refrigerated Warehouse,CD-2,1,22890,,10005787.0,119.76,46,1,1,0
Other,CD-2,5,36000,,1111293.75,43.04,109,1,1,0
Distribution Center,CD-2,1,28320,1.0,4236396.5,67.96,45,1,1,0
Worship Facility,CD-4,1,29079,78.0,861643.6875,22.18,61,1,1,0
Small- and Mid-Sized Office,CD-3,3,28848,82.0,726917.5,5.07,34,0,1,0
Small- and Mid-Sized Office,CD-6,2,20535,7.0,1835804.0,38.71,28,1,1,0
Laboratory,CD-7,2,43025,,9393108.0,255.97,31,1,1,0
Warehouse,CD-2,1,30800,65.0,485971.0,3.39,51,0,1,0
Mixed Use Property,CD-3,3,22168,,1784385.25,49.44,116,1,1,0
Warehouse,CD-2,1,37400,73.0,924192.6875,7.8,94,1,1,0
Large Office,CD-2,11,268130,88.0,15026352.0,106.86,16,1,1,0
Small- and Mid-Sized Office,CD-2,11,68452,79.0,3782378.25,26.37,16,0,1,0
Large Office,CD-2,11,273185,88.0,14709151.0,102.54,16,0,1,0
K-12 School,CD-4,3,97500,97.0,3736960.0,156.45,92,1,1,0
Small- and Mid-Sized Office,CD-7,5,54015,75.0,3020001.5,21.05,34,0,1,0
Restaurant,CD-7,13,42000,,7798464.0,273.91,31,1,1,1
Large Office,CD-7,24,119701,67.0,8382140.5,58.44,34,0,1,0
Other,CD-5,1,24697,,1295685.75,29.18,51,1,1,0
University,CD-3,1,57468,,3543985.5,89.8,3,1,1,0
University,CD-3,5,84000,,12184124.0,441.94,10,1,1,0
Retail Store,CD-7,3,103000,89.0,5214621.5,81.18,25,1,1,0
Supermarket / Grocery Store,CD-1,1,37864,61.0,8025696.0,176.75,8,1,1,0
Supermarket / Grocery Store,CD-3,2,66497,84.0,9290214.0,72.02,66,1,1,0
Retail Store,CD-7,4,34010,,3560614.25,24.82,10,0,1,0
Supermarket / Grocery Store,CD-7,4,45980,79.0,8305255.0,193.36,10,1,1,0
Retail Store,CD-3,3,45743,88.0,5313217.0,83.45,20,1,1,0
Other,CD-3,1,45000,,3505497.0,137.66,25,1,1,0
Other,CD-2,6,333698,,13730204.0,295.42,17,1,1,0
Warehouse,CD-2,4,72859,55.0,1498457.875,12.43,112,1,1,0
Mixed Use Property,CD-2,3,21947,,1554599.25,37.83,12,1,1,0
Warehouse,CD-4,0,384772,69.0,15206762.0,391.7,76,1,1,0
Medical Office,CD-4,0,30287,32.0,2193115.0,32.72,56,1,1,0
Small- and Mid-Sized Office,CD-4,0,21931,32.0,3947209.25,145.11,56,1,1,0
Small- and Mid-Sized Office,CD-7,6,73102,84.0,4307238.5,30.03,31,0,1,0
Mixed Use Property,CD-3,2,140823,,2762846.0,28.85,100,1,1,0
Mixed Use Property,CD-2,1,87458,,8475238.0,270.63,50,1,1,0
Supermarket / Grocery Store,CD-5,1,51400,74.0,11702959.0,303.69,5,1,1,0
Small- and Mid-Sized Office,CD-4,1,26263,64.0,1634669.375,11.4,23,0,1,0
Other,CD-3,1,21400,,5170809.5,158.6,48,1,1,0
Laboratory,CD-3,8,178000,,53166156.0,2549.47,16,0,1,1
Large Office,CD-2,4,162157,,40613740.0,537.03,11,1,1,0
Supermarket / Grocery Store,CD-7,4,33997,23.0,8926736.0,94.63,13,1,1,0
Large Office,CD-7,11,526423,97.0,17463744.0,163.19,4,1,1,0
Mixed Use Property,CD-7,6,74211,97.0,1357119.875,9.46,114,0,1,0
Warehouse,CD-2,2,45700,99.0,1544193.75,15.5,28,1,1,0
Other,CD-4,0,502030,,18470340.0,549.11,87,1,1,0
Other,CD-5,2,53575,,31803568.0,619.9,4,1,1,0
Large Office,CD-2,6,157345,63.0,11624548.0,92.07,4,1,1,0
Residence Hall,CD-4,5,136758,90.0,6275367.5,175.46,4,1,1,0
Residence Hall,CD-4,7,192259,72.0,8767617.0,191.97,4,1,1,0
Other,CD-1,2,137138,,5475367.0,38.17,4,0,1,0
Other,CD-3,7,267470,,42584028.0,1597.56,4,0,1,1
Hospital,CD-4,8,330000,58.0,57764408.0,1789.69,3,1,1,0
Retail Store,CD-7,3,43832,67.0,3886545.0,144.41,98,1,1,0
Other,CD-1,6,146363,,11730555.0,325.94,29,1,1,0
Supermarket / Grocery Store,CD-1,1,67263,78.0,14697487.0,352.77,5,1,1,0
Large Office,CD-7,13,354086,88.0,13458948.0,147.84,28,1,1,0
Worship Facility,CD-4,2,70292,37.0,1933811.625,57.59,8,1,1,0
Other,CD-7,7,90679,100.0,41680640.0,290.57,41,0,1,0
Laboratory,CD-7,8,339591,,41696464.0,1088.25,3,1,1,0
K-12 School,CD-3,2,35780,22.0,2912264.0,51.59,2,1,1,0
Large Office,CD-7,3,105061,100.0,1363191.625,9.5,3,0,1,0
Small- and Mid-Sized Office,CD-3,3,62662,67.0,2502131.0,20.1,3,1,1,0
Hotel,CD-6,4,62381,62.0,3497215.5,24.38,3,0,1,0
Senior Care Community,CD-3,6,79805,25.0,7531325.0,184.81,3,1,1,0
K-12 School,CD-5,2,48925,82.0,1662054.125,22.76,2,1,1,0
Other,CD-7,1,29000,,2429214.0,54.98,54,1,1,0
Other,CD-4,6,305025,,25959642.0,809.76,3,1,1,0
Large Office,CD-2,7,333714,,4581493.0,42.2,2,1,1,0
Other,CD-2,2,56988,,544172.375,16.13,2,1,1,0
Other,CD-1,2,44162,,1546484.875,38.13,6,1,1,0
Other,CD-2,1,53775,,12095818.0,457.51,3,1,1,0
Small- and Mid-Sized Office,CD-3,2,64820,,2274296.75,29.4,104,1,1,0
University,CD-3,2,99765,,3185005.25,74.3,23,1,1,0
University,CD-3,3,428347,,37022180.0,1280.81,91,1,1,1
Hospital,CD-3,8,374466,74.0,163945984.0,6330.91,96,0,1,1
Senior Care Community,CD-7,3,197395,,2737534.5,58.28,27,1,1,0
Supermarket / Grocery Store,CD-6,8,41198,44.0,7768057.5,82.58,6,1,1,0
Other,CD-2,1,20993,,923812.8125,10.8,2,1,1,0
Other,CD-2,0,40265,,2159170.25,51.39,7,1,1,0
University,CD-4,4,58779,,5000717.0,25.93,47,0,1,0
Residence Hall,CD-4,0,176225,91.0,4926695.0,103.65,5,1,1,0
University,CD-4,6,203030,,51168308.0,199.48,18,0,1,0
Residence Hall,CD-4,0,166991,19.0,15965859.0,437.2,63,1,1,0
Residence Hall,CD-4,0,89392,16.0,6960904.5,48.53,46,0,1,0
Residence Hall,CD-4,0,97040,69.0,3894142.5,62.41,5,1,1,0
Large Office,CD-7,6,427181,99.0,16371039.0,213.7,2,1,1,0
Self-Storage Facility,CD-2,4,101580,,940844.6875,9.91,2,1,1,0
Other,CD-4,3,33648,,1399581.625,9.76,2,0,1,0
Small- and Mid-Sized Office,CD-3,5,37873,,2346692.5,65.01,1,1,1,0
Large Office,CD-7,10,513816,,18760766.0,214.19,1,1,1,0
Hotel,CD-7,14,144614,89.0,5525072.5,50.32,1,1,1,0
Large Office,CD-7,12,480702,99.0,12720069.0,147.14,2,1,1,0
Mixed Use Property,CD-7,2,25532,,627854.125,4.38,2,0,1,0
Other,CD-2,2,108036,,4991893.5,91.98,1,1,1,0
Large Office,CD-7,12,483397,98.0,13998638.0,202.12,1,1,1,0
Large Office,CD-7,13,536697,98.0,13239050.0,245.16,2,1,1,0
Hotel,CD-4,4,126823,72.0,6042399.5,131.02,2,1,1,0
Warehouse,CD-2,1,52085,37.0,3605855.5,157.7,61,1,1,0
Small- and Mid-Sized Office,CD-2,2,24990,9.0,4420650.5,134.8,87,1,1,0
Other,CD-4,1,72000,,2925780.0,67.65,3,1,1,0
K-12 School,CD-3,3,45000,77.0,1325972.75,9.24,1,0,1,0
Mixed Use Property,CD-7,6,345290,,39364116.0,1000.06,1,1,1,0
University,CD-4,1,68072,,3180819.25,22.17,54,0,1,0
Mixed Use Property,CD-5,1,20616,,636965.5,4.44,11,0,1,0
Other,CD-3,1,11685,,851053.8125,29.18,3,1,1,0
Other,CD-6,1,11968,,783423.0,23.0,6,1,1,0
Other,CD-5,1,11285,,645665.375,14.37,67,1,1,0
Other,CD-6,1,16795,,936616.5,24.73,105,1,1,0
Other,CD-6,1,12769,,5117308.5,216.18,44,1,1,0
Other,CD-3,1,23445,,5976246.0,259.22,104,1,1,0
Mixed Use Property,CD-3,1,20050,,1813404.0,60.81,22,1,1,0
Other,CD-1,1,18261,,932082.125,20.33,34,1,1,0
Other,CD-2,1,16000,,950276.1875,32.17,12,1,1,0
Other,CD-7,1,13157,,5765898.0,223.54,42,1,1,0
Mixed Use Property,CD-1,1,14101,,719471.1875,22.11,27,1,1,0
Mixed Use Property,CD-2,1,18258,,1152896.25,41.27,78,1,1,0
